RUT;Nombre;Genero;Fecha_Nacimiento;Previsión;Monto_Deuda
15.315.490-8;Pablo-Pablo-Robles-Vergara;MASCULINO;1970_/1/29;FONASA;948404
11.132XXXX;Isidora-Javiera-Marín-López;FEMENINO;1995/1/3;ISAPRE;631068
4.282.714-4;JavieraXXXX;FEMENINO;1968_/2/2;ISAPRE;1133133
14.555XXXX;Daniela-Javiera-López-López;FEMENINO;1999/4/2;FONASA;446660
19.424.747-5;Javiera-Cecilia-Ruiz-Robles;FEMENINO;2000/3/10;FONASA;1503764
21.510.062-2;Cecilia-Victoria-Rodríguez-Castro;FEMENINO;1992/6/6;ISAPRE;393338
7.856.833-3;Andrea-Daniela-Rodríguez-González;FEMENINO;1992/11/8;FONASA;484221
13.595.733-3;Bernardo-Javier-Robles-Quiroga;MASCULINO;1974/6/25;FONASA;1830819
19.236.507-0;Rodrigo-Andrés-González-Muñoz;MASCULINO;1985/12/20;FONASA;1225660
9.403.320-8;Pablo-Gabriel-Marín-Quiroga;MASCULINO;1989/4/1;FONASA;1293308
9.999XXXX;Pablo-Gabriel-Valenzuela-Castro;MASCULINO;1989/6/22;ISAPRE;861742
8.712XXXX;Andrea-Daniela-Rojas-Marín;FEMENINO;1961/5/3;FONASA;497015
19.648.604-6;Ignacio-Ramón-Marín-Ruiz;MASCULINO;1978/10/19;ISAPRE;1931101
4.170.369-7;Daniela-Cecilia-Muñoz-Muñoz;FEMENINO;1985/9/19;ISAPRE;105217
8.657.885-5;Paula-Isidora-López-Marín;FEMENINO;1983/9/7;FONASA;1825336
4.026.378-8;Blanca-Daniela-Quiroga-Muñoz;FEMENINO;1960/5/5;FONASA;1275880
10.815.423-5;Felipe-Javier-Marín-López;MASCULINO;1977/5/29;ISAPRE;1328543
14.232.920-8;Javier-Javier-Campos-López;MASCULINO;1982_/12/3;FONASA;325927
15.666.705-4;Javiera-Isidora-López-González;FEMENINO;1960/7/0;ISAPRE;1535777
9.645.849-6;Ramón-Francisco-Rodríguez-Valenzuela;MASCULINO;1971/1/5;FONASA;1496352
7.128XXXX;Isidora-Daniela-Robles-Quiroga;FEMENINO;1970/6/10;ISAPRE;264129
20.682.155-1;Isidora-Javiera-Robles-Rodríguez;FEMENINO;1968/11/14;ISAPRE;354526
9.071.903-8;Andrea-Pamela-Rodríguez-Castro;FEMENINO;1989/1/23;FONASA;1305953
15.306.390-0;Ignacio-Pablo-López-Saavedra;MASCULINO;1963/10/8;FONASA;1664177
11.072.407-5;Alejandro-Juan-Marín-Campos;MASCULINO;2000/6/19;ISAPRE;1139686
17.891.964-9;María-Blanca-González-López;FEMENINO;1969/9/30;FONASA;1998372
17.291.815-5;Ignacia-Javiera-Castro-Díaz;FEMENINO;1988/5/11;ISAPRE;1581299
6.687XXXX;Pamela-Cecilia-Marín-Valenzuela;FEMENINO;1976/11/18;ISAPRE;491886
4.270.877-6;Pablo-Ramón-López-Valenzuela;MASCULINO;1972/10/13;ISAPRE;186139
19.067.078-5;Constanza-Daniela-Rodríguez-Robles;FEMENINO;1962/8/22;ISAPRE;557135
10.587.080-1;Juan-Gabriel-Campos-Rojas;MASCULINO;1971/9/16;ISAPRE;282985
10.253.357-9;Francisco-Alejandro-Valenzuela-Rodríguez;MASCULINO;1981/10/19;ISAPRE;1458109
9.615.848-0;María-Constanza-Quiroga-Ruiz;FEMENINO;1997_/4/28;FONASA;125523
15.185.382-4;Javiera-Cecilia-Campos-Díaz;FEMENINO;1992/11/2;FONASA;1803478
14.855.949-7;Francisco-Bernardo-Vergara-González;MASCULINO;1989/4/12;ISAPRE;628553
11.672.250-3;Pamela-Pamela-Rojas-Rodríguez;FEMENINO;1969/11/18;ISAPRE;1656312
18.087.559-9;Valeria-Constanza-Quiroga-Muñoz;FEMENINO;1967/6/1;FONASA;160414
11.712XXXX;Rodrigo-Pablo-López-Robles;MASCULINO;1967/3/30;FONASA;521990
14.437.248-2;Blanca-Blanca-Marín-Rodríguez;FEMENINO;1990/5/5;FONASA;1921192
4.669.048-7;Javiera-Ignacia-Quiroga-Rojas;FEMENINO;1968/12/28;FONASA;1022448
11.367.148-2;AndrésXXXX;MASCULINO;1998/11/24;FONASA;217484
20.569.526-1;FelipeXXXX;MASCULINO;1989/10/27;ISAPRE;490680
10.993.530-7;Ignacio-Javier-Rodríguez-Díaz;MASCULINO;1987/9/8;FONASA;424774
6.819.479-7;Pamela-María-Díaz-Díaz;FEMENINO;1987/9/15;FONASA;276092
4.398.275-7;Javiera-Pamela-Saavedra-Saavedra;FEMENINO;1968/1/13;FONASA;1807906
13.401.879-7;Javier-Vicente-López-Marín;MASCULINO;1982/5/4;ISAPRE;600248
6.833.710-9;Valeria-Andrea-Robles-López;FEMENINO;1971/6/18;FONASA;1327198
12.586.467-6;Blanca-Pamela-Quiroga-Ruiz;FEMENINO;1983/10/15;ISAPRE;1709366
9.078.186-8;Paula-Isabel-Valenzuela-Quiroga;FEMENINO;1999/7/29;FONASA;200235
12.367.054-0;Paula-Paula-Marín-Vergara;FEMENINO;1968/2/28;FONASA;1224651
20.034.565-0;Paula-Valeria-Castro-Rojas;FEMENINO;1999/2/12;ISAPRE;590646
19.888.527-1;Javier-Pedro-Robles-Vergara;MASCULINO;1964/8/13;FONASA;463778
17.800.143-5;Cecilia-Isidora-Castro-Saavedra;FEMENINO;1979/8/5;FONASA;1525193
19.338.570-8;Andrea-Isabel-Díaz-Robles;FEMENINO;1998/9/3;ISAPRE;1536449
19.273XXXX;Pamela-Ignacia-Rodríguez-Vergara;FEMENINO;1975/10/29;ISAPRE;1768519
8.018.598-1;Gabriel-Vicente-Rojas-Quiroga;MASCULINO;1991/8/16;FONASA;720753
15.695.120-3;Bernardo-Andrés-Ruiz-Díaz;MASCULINO;1967/10/8;FONASA;1622613
9.195.938-0;Rodrigo-Francisco-Robles-Rodríguez;MASCULINO;1986/5/9;FONASA;1882907
21.247.208-1;Paula-Valeria-Robles-Rojas;FEMENINO;1987/6/16;ISAPRE;1775963
14.345.785-1;Blanca-Isidora-Rodríguez-Rodríguez;FEMENINO;1970/2/27;ISAPRE;422871
5.809.380-2;Constanza-Pamela-Rodríguez-Quiroga;FEMENINO;1979/11/30;FONASA;722375
17.106.911-0;Felipe-Andrés-Ruiz-Campos;MASCULINO;1985/10/23;FONASA;1644565
20.522.668-8;Paula-Victoria-Castro-Muñoz;FEMENINO;1994/5/23;FONASA;198793
15.028.577-9;Valeria-Victoria-Vergara-López;FEMENINO;1996/8/26;FONASA;1569247
21.219.245-4;PaulaXXXX;FEMENINO;1990/7/5;FONASA;630140
18.651.749-6;Paula-Constanza-Rodríguez-Rodríguez;FEMENINO;1969/8/15;FONASA;100872
7.798.692-9;Blanca-Paula-Marín-Rodríguez;FEMENINO;1998/6/23;FONASA;1184660
8.018.991-1;Ignacio-Felipe-Castro-Muñoz;MASCULINO;1966/2/24;FONASA;1440460
4.138.509-5;Isidora-Cecilia-Robles-Ruiz;FEMENINO;1984/8/12;FONASA;962889
16.346.962-3;Cecilia-Victoria-Robles-Muñoz;FEMENINO;1987/4/6;FONASA;1145658
20.704.063-1;Ramón-Felipe-Rojas-López;MASCULINO;1961/8/1;FONASA;1608614
7.117.993-4;Rodrigo-Rodrigo-Campos-Saavedra;MASCULINO;1993/2/24;FONASA;891843
7.223.298-4;Javiera-Cecilia-Quiroga-Saavedra;FEMENINO;1975/10/11;FONASA;591904
7.651XXXX;María-Daniela-López-Campos;FEMENINO;1992/5/12;ISAPRE;476485
12.306.223-1;Ramón-Pedro-Ruiz-Ruiz;MASCULINO;1989/1/19;ISAPRE;349127
10.150.382-0;Vicente-Ignacio-Rodríguez-Campos;MASCULINO;1963/12/13;FONASA;588536
18.474.488-2;Victoria-María-Castro-Rojas;FEMENINO;1965/2/3;FONASA;1947126
6.025.640-0;MaríaXXXX;FEMENINO;1999/12/27;FONASA;1501414
7.204.487-6;Blanca-Ignacia-Vergara-Valenzuela;FEMENINO;1968_/2/17;FONASA;1257723
4.580.866-8;Ramón-Bernardo-Campos-Saavedra;MASCULINO;1999/3/20;ISAPRE;722151
12.509.612-0;Ignacio-Alejandro-Ruiz-González;MASCULINO;2000/9/4;FONASA;1378176
13.473.03-5;Isidora-Daniela-Muñoz-Muñoz;FEMENINO;1972_/11/7;ISAPRE;1325855
6.696.299-2;Blanca-Constanza-Marín-Rojas;FEMENINO;1999/2/19;FONASA;606680
14.573.675-9;Pedro-Felipe-Valenzuela-Quiroga;MASCULINO;1962/6/10;FONASA;110565
16.288.390-6;Blanca-Blanca-López-Campos;FEMENINO;1978/10/27;ISAPRE;575329
5.857.107-9;Bernardo-Alejandro-Vergara-Muñoz;MASCULINO;1982/4/22;FONASA;739880
4.666.430-8;Pamela-Isidora-Rodríguez-Rodríguez;FEMENINO;1968/12/20;ISAPRE;392080
21.612.235-1;Pamela-Isidora-Vergara-González;FEMENINO;1969/11/17;FONASA;1268910
19.742.961-8;Daniela-Blanca-Quiroga-Valenzuela;FEMENINO;1961/2/21;FONASA;545023
7.172XXXX;Felipe-Ramón-Vergara-Rojas;MASCULINO;1985/6/10;ISAPRE;907019
8.976XXXX;Javier-Vicente-Vergara-Valenzuela;MASCULINO;1996/9/28;ISAPRE;1866380
12.124XXXX;María-Pamela-Vergara-Vergara;FEMENINO;1996/11/5;ISAPRE;1845379
11.033.912-5;Francisco-Alejandro-Campos-Castro;MASCULINO;1992/12/25;ISAPRE;1992201
15.983.112-1;Ignacio-Pedro-Quiroga-Vergara;MASCULINO;1992/5/20;FONASA;429262
13.436.635-2;Constanza-María-Valenzuela-Campos;FEMENINO;1979/7/0;FONASA;732044
10.970.438-4;FranciscoXXXX;MASCULINO;1973/11/3;FONASA;1205719
10.111XXXX;Victoria-Isabel-Rodríguez-Campos;FEMENINO;1992/11/16;FONASA;797140
10.871.828-4;Cecilia-Pamela-Marín-Rodríguez;FEMENINO;1981_/12/24;FONASA;1883140
12.123XXXX;Andrea-Blanca-Rojas-Rojas;FEMENINO;1973/12/25;FONASA;1425986
18.250.154-6;Rodrigo-Bernardo-Campos-Campos;MASCULINO;1973/6/0;FONASA;319736
