ID;RUT;NOMBRE;FECHA_NAC;TIPO_CLIENTE;MONTO;PUNTAJE_CREDITICIO;BONO
0;21.930.631-4;Isabel Blanca Marín Díaz;1997/4/13;C;5407949;1.17;4622178.632478633
1;11.269.366-8;Cecilia Paula López Valenzuela;1962/5/28;A;8153651;2.37;3440359.0717299576
2;9.655.791-3;Vicente Felipe Robles Muñoz;1972/2/2;E;9509104;9.91;959546.3168516649
3;16.644.711-4;Daniela María Robles Ruiz;1982/7/7;B;6065538;2.86;2120817.4825174827
4;17.054.286-6;Isabel Javiera Valenzuela Saavedra;1971/7/5;C;8024077;0.56;14328708.928571427
5;11.170.160-6;Vicente Vicente Marín Vergara;1971/7/11;C;4056141;5.98;678284.4481605351
6;6.172.108-0;Pamela Isabel Castro Vergara;1976/5/11;C;3061858;3.09;990892.5566343042
7;15.844.106-2;Daniela Pamela Saavedra Vergara;1979/6/14;C;5197540;2.26;2299796.4601769913
8;20.749.832-5;Felipe Andrés Rodríguez Valenzuela;1973/2/9;E;4441737;8.18;542999.6332518337
9;15.910.648-9;Bernardo Ignacio Quiroga Muñoz;1968/2/3;B;8613487;3.44;2503920.6395348837
10;9.487.844-9;Javier Juan Castro Campos;1985/3/0;B;8030691;2.7;2974330.0
11;7.271.618-0;Isidora Andrea Rodríguez Valenzuela;1976/9/29;B;5832527;8.08;721847.400990099
12;13.674.785-2;Javier Juan Robles Robles;1973/7/23;A;469341;2.81;167025.2669039146
13;17.452.036-6;Ramón Vicente Vergara Robles;1997/7/16;E;8845556;5.9;1499246.7796610168
14;20.481.183-10;Andrés Francisco López López;1977/7/27;E;6285039;4.68;1342957.0512820513
15;6.355.671-0;Rodrigo Andrés Valenzuela Valenzuela;1970/10/1;B;668186;9.84;67905.081300813
16;5.814.759-5;Andrés Felipe Quiroga Robles;1990/7/17;E;7790975;0.91;8561510.989010988
17;15.452.563-10;Gabriel Vicente Castro Robles;1985/6/11;B;3156647;7.26;434799.86225895316
18;8.471.223-1;Felipe Andrés Robles Rodríguez;1970/5/6;E;7976926;9.06;880455.4083885209
19;7.699.998-8;Ignacia Paula Díaz Quiroga;1979/10/17;A;1836607;0.33;5565475.757575757
20;6.585.431-9;Isabel Daniela Rojas Ruiz;1985/2/12;C;6156115;1.86;3309739.2473118277
21;7.625.542-2;Ignacio Pedro Quiroga Muñoz;1985/1/3;A;5766978;7.7;748958.1818181818
22;7.371.571-0;Bernardo Ramón Robles Rojas;1986/1/11;A;798432;2.9;275321.3793103448
23;14.366.049-8;Cecilia Andrea Marín Rodríguez;1980/3/27;B;5529268;0.04;138231700.0
24;7.253.687-8;Daniela Ignacia Ruiz Robles;1968/8/15;B;4308160;1.18;3650983.0508474577
25;7.388.099-7;Javier Ignacio Marín Quiroga;1981/11/30;D;9073406;7.95;1141308.9308176101
26;18.176.562-10;Francisco Pablo Robles Ruiz;1962/11/6;B;8729016;3.45;2530149.565217391
27;4.024.185-5;Andrés Bernardo Vergara Ruiz;1985/2/15;A;4148916;5.75;721550.6086956522
28;4.752.072-8;Rodrigo Javier Rodríguez Ruiz;1990/10/26;C;6445414;3.34;1929764.6706586827
29;17.021.916-10;Felipe Pedro Campos Díaz;1984/5/8;E;1044883;6.88;151872.52906976745
30;15.146.719-2;Felipe Alejandro Valenzuela Vergara;1988/3/16;A;2934984;6.47;453629.6754250387
31;18.641.375-4;María Isidora Díaz Vergara;1995/2/4;C;3055413;5.21;586451.6314779271
32;9.454.495-9;Constanza Paula Muñoz Quiroga;1995/1/9;A;6346885;4.43;1432705.4176072236
33;5.246.833-1;María Daniela González Muñoz;1978/7/8;C;465163;0.2;2325815.0
34;15.647.429-2;Vicente Rodrigo Valenzuela Rodríguez;1999/6/17;D;7811706;7.78;1004075.3213367609
35;18.646.439-5;Constanza Daniela Castro Díaz;1967/8/26;E;2656694;5.21;509922.07293666026
36;20.834.306-5;Blanca Isidora Quiroga Quiroga;1996/7/25;E;8480735;7.56;1121790.343915344
37;9.873.492-8;Alejandro Juan Díaz Vergara;1990/10/13;C;6518965;4.19;1555838.9021479713
38;12.381.154-1;Isabel Pamela Ruiz Rodríguez;1977/8/9;D;3394144;5.88;577235.3741496599
39;9.342.198-9;Andrea Valeria Ruiz Vergara;1982/7/12;B;4937619;2.21;2234216.742081448
40;18.104.596-8;Pamela Andrea Robles Muñoz;1990/9/4;C;1304240;3.58;364312.8491620112
41;6.525.881-9;Pedro Rodrigo Campos Castro;2000/11/15;A;9653610;0.6;16089350.0
42;8.466.885-4;Andrea Blanca Rodríguez González;1986/8/3;A;4888973;1.23;3974774.7967479676
43;7.295.481-2;Valeria Ignacia Quiroga Rodríguez;1988/8/1;B;5214119;5.04;1034547.4206349206
44;11.651.375-8;Constanza Pamela González Marín;1972/6/4;A;6225117;3.0;2075039.0
45;11.531.171-7;Vicente Francisco Rodríguez Rodríguez;1999/4/12;A;1847833;2.14;863473.3644859813
46;10.437.876-3;Victoria Isabel Valenzuela Castro;1998/6/22;B;7945321;8.26;961903.2687651332
47;5.775.634-10;María Pamela Saavedra Valenzuela;1981/6/29;E;1545391;9.44;163706.67372881356
48;8.623.995-10;Cecilia Blanca Marín Castro;1974/7/21;A;1603735;7.9;203004.43037974683
49;18.254.284-0;Isidora Blanca Valenzuela Vergara;1966/10/14;D;5509816;8.63;638449.1309385863
50;11.927.991-2;Paula Blanca Saavedra Rodríguez;1972/6/30;E;4164514;2.04;2041428.431372549
51;8.998.908-6;Paula Isidora Rodríguez Rodríguez;1963/9/27;D;3898034;1.5;2598689.3333333335
52;8.170.137-3;Pedro Bernardo Ruiz Díaz;1965/12/25;D;8777668;7.72;1137003.6269430052
53;15.03.312-0;Isabel Isabel Ruiz Rodríguez;1966/3/28;E;8227582;4.49;1832423.6080178174
54;7.509.934-7;Francisco Javier López Vergara;1978/9/15;D;9565606;5.4;1771408.5185185184
55;14.327.395-5;Pablo Javier Quiroga Vergara;1988/5/13;B;936080;1.03;908815.5339805825
56;4.544.508-9;Ignacia Javiera Rojas Marín;1978/11/7;D;6660355;9.41;707795.4303931987
57;11.591.342-8;María Ignacia Campos González;1965/6/5;A;4878798;2.5;1951519.2
58;13.282.537-10;Gabriel Ramón Rojas González;1991/11/23;C;4213261;1.64;2569061.5853658537
59;6.624.00-5;Pedro Vicente Quiroga Quiroga;1994/3/4;E;1499975;3.93;381673.02798982186
60;11.177.901-9;Valeria Paula Rojas Rodríguez;1960/7/5;B;601256;1.81;332185.635359116
61;12.805.883-2;Felipe Felipe González Ruiz;1995/9/8;B;3230851;6.04;534909.1059602649
62;20.085.466-9;Francisco Bernardo Rodríguez González;1977/4/25;A;7753746;2.71;2861160.885608856
63;14.700.537-4;Francisco Ramón López Ruiz;1963/6/20;C;8178429;7.62;1073284.6456692913
64;18.796.401-9;Alejandro Javier Robles López;1985/7/28;B;2599899;0.82;3170608.536585366
65;12.376.313-2;María Isabel Rodríguez Campos;1983/9/20;C;820171;0.96;854344.7916666667
66;4.703.670-9;Blanca Cecilia Campos Rodríguez;2000/12/27;C;3897871;2.91;1339474.5704467352
67;15.744.338-1;Vicente Rodrigo Díaz Saavedra;1983/11/9;A;1816944;5.66;321014.8409893993
68;21.305.068-10;Vicente Pedro Vergara Castro;1991/9/25;B;8505722;5.68;1497486.267605634
69;12.569.09-5;Ignacio Andrés Castro López;1995/5/29;E;2278079;3.4;670023.2352941177
70;13.393.314-9;María Blanca Valenzuela Vergara;1963/3/30;D;3534528;4.07;868434.398034398
71;21.425.306-8;Rodrigo Alejandro Rodríguez Muñoz;1986/1/10;C;4738819;3.47;1365653.8904899135
72;21.492.637-2;Isidora Daniela Campos González;1984/2/3;E;1993367;7.05;282747.09219858155
73;17.449.153-2;Ignacio Ignacio Quiroga Rojas;1992/3/12;A;5653242;6.3;897340.0
74;21.528.537-6;Bernardo Felipe Vergara Rodríguez;1963/5/29;E;3241059;7.04;460377.69886363635
75;15.338.074-9;Juan Felipe González Rojas;1982/2/6;E;2232254;1.94;1150646.3917525774
76;4.236.193-4;Javier Javier Díaz Valenzuela;1982/3/25;C;7575341;1.42;5334747.183098592
77;11.341.652-5;Gabriel Pedro Quiroga González;1973/6/0;B;738289;7.37;100174.89823609227
78;4.852.428-9;Valeria Paula Quiroga Campos;1985/6/2;A;4223612;2.97;1422091.5824915825
79;13.256.237-9;Isabel Andrea Muñoz González;1961/2/2;E;4053008;1.76;2302845.4545454546
80;15.139.00-10;Valeria Cecilia Ruiz Marín;1979/8/1;D;4336085;3.76;1153214.0957446808
81;6.017.769-2;Francisco Felipe Marín Quiroga;1963/4/28;D;2781074;7.41;375313.6302294197
82;8.050.266-6;María Ignacia Muñoz Rodríguez;1973/12/27;D;7734938;9.32;829928.9699570815
83;18.856.957-9;Constanza Paula Vergara Vergara;1979/4/30;C;1080365;8.83;122351.64212910533
84;4.294.666-5;Constanza Javiera Ruiz Saavedra;1972/1/2;E;7636969;9.54;800520.8595387841
85;14.418.537-1;Vicente Pedro López López;1972/8/2;C;5540045;4.65;1191407.5268817204
86;9.623.768-9;Javier Ramón Castro Castro;1987/1/0;B;1738617;2.21;786704.5248868779
87;6.145.493-5;Valeria Valeria Quiroga Marín;1991/11/2;C;8212689;2.26;3633933.185840708
88;5.691.909-8;Gabriel Rodrigo Campos Muñoz;1974/12/7;E;132374;9.94;13317.303822937627
89;15.405.255-3;Vicente Pedro Muñoz López;1977/7/17;B;3566879;9.02;395441.13082039915
90;9.674.686-3;Isabel Ignacia Robles Vergara;1975/7/28;A;3223355;9.04;356565.81858407083
91;20.761.630-4;Constanza Ignacia Campos Rodríguez;1996/9/9;E;7438492;3.13;2376515.015974441
92;5.086.536-9;Francisco Bernardo Rojas Rodríguez;1999/11/23;A;9779977;4.91;1991848.6761710793
93;7.789.841-2;Andrea Isabel Quiroga Robles;1996/12/21;C;7684086;1.3;5910835.384615384
94;7.948.674-3;Ignacia Constanza Robles González;1985/9/2;D;777957;5.99;129875.95993322204
95;20.817.283-9;Pedro Alejandro Quiroga Muñoz;1999/9/18;E;9998301;9.0;1110922.3333333333
96;19.584.331-5;Cecilia Blanca Vergara Díaz;1993/5/29;A;3116778;7.83;398055.938697318
97;18.434.670-3;Francisco Francisco Ruiz Rojas;1987/8/8;E;1436674;5.05;284489.900990099
98;13.623.240-1;Vicente Juan Robles Saavedra;1982/2/19;C;9804292;3.61;2715870.3601108035
99;4.831.642-3;Ignacio Ignacio Valenzuela Campos;1974/11/16;C;8892858;0.65;13681320.0
100;8.489.240-5;Felipe Andrés Muñoz Rojas;1980/9/10;E;1361720;0.14;9726571.428571427
101;11.615.086-5;Ramón Gabriel Saavedra Rodríguez;1977/5/29;B;5680734;8.39;677083.9094159714
102;12.061.292-0;María Isidora Valenzuela Rodríguez;1980/3/5;D;3130145;0.98;3194025.510204082
103;13.381.106-8;Vicente Juan Marín Saavedra;1969/4/19;C;3307564;0.62;5334780.645161291
104;12.866.411-7;Valeria Pamela Saavedra Saavedra;1991/10/28;E;6225013;6.77;919499.7045790252
105;8.929.258-10;Andrés Ramón Rodríguez Valenzuela;1961/9/27;E;1368881;7.42;184485.30997304583
106;9.479.989-0;María Paula Robles Muñoz;1966/2/13;D;9117111;5.25;1736592.5714285714
107;10.350.525-1;Rodrigo Pablo Díaz Vergara;1976/1/10;C;4010985;9.55;419998.4293193717
108;5.079.058-0;Isabel Cecilia Castro Robles;1970/2/7;C;9168283;2.22;4129857.2072072066
109;19.926.276-3;Javier Vicente Robles Vergara;1995/6/7;D;7429315;3.84;1934717.4479166667
110;17.039.803-9;Constanza Ignacia Quiroga Saavedra;1977/6/8;C;7125193;0.6;11875321.666666668
111;17.881.136-5;Ignacio Andrés Muñoz Muñoz;1984/3/0;A;5060550;2.59;1953880.3088803089
112;19.623.559-9;Javier Rodrigo Castro Díaz;1969/4/10;A;1401555;3.94;355724.6192893401
113;8.694.102-5;Ramón Francisco González López;1991/6/26;D;3230741;9.99;323397.4974974975
114;17.410.998-0;Isabel Ignacia Robles Vergara;1967/5/17;E;8503817;7.91;1075071.6814159292
115;14.908.184-3;Pablo Rodrigo Marín Valenzuela;1998/10/19;C;7609717;0.14;54355121.428571425
116;9.498.596-5;Valeria Pamela Muñoz Marín;1969/4/6;A;3224151;4.36;739484.1743119266
117;17.175.161-7;Ignacia Cecilia Ruiz Rodríguez;1960/9/29;A;5189563;3.9;1330657.1794871795
118;11.136.568-3;Javiera Valeria Valenzuela Muñoz;1979/7/14;C;7076725;6.28;1126867.0382165604
119;12.363.678-10;Juan Juan Ruiz Campos;1976/10/9;A;3538010;9.63;367394.60020768427
120;16.976.895-9;Rodrigo Pedro Vergara González;1960/6/1;B;1482384;9.3;159396.12903225806
121;19.598.322-8;Isabel Paula Saavedra Rojas;1975/6/27;D;5150279;1.3;3961753.076923077
122;14.888.391-1;Valeria Andrea Rodríguez Campos;1986/3/23;C;606299;9.92;61118.85080645161
123;21.164.706-10;Gabriel Pedro Ruiz Díaz;1969/1/15;C;2308885;0.3;7696283.333333334
124;19.055.993-1;Javier Felipe Díaz González;1983/4/10;B;5925316;5.88;1007706.8027210884
125;4.856.445-1;Constanza Ignacia Saavedra Rodríguez;1976/4/29;A;3737654;4.84;772242.5619834712
126;17.700.991-3;Andrea María Ruiz Díaz;1984/4/30;E;3522357;7.24;486513.39779005526
127;10.593.990-1;Vicente Bernardo Muñoz Vergara;1998/4/22;E;4968265;7.64;650296.4659685864
128;7.889.067-1;Vicente Andrés Valenzuela Campos;1990/12/21;B;7056427;7.17;984159.9721059973
129;17.748.880-9;Paula Isidora Rojas González;1990/6/19;B;5277940;9.49;556158.0611169653
130;13.192.102-0;Pamela Pamela Díaz Vergara;1975/7/9;B;272439;1.0;272439.0
131;7.180.645-7;Pamela Isidora López Marín;2000/10/26;A;7754706;2.14;3623694.392523364
132;5.120.863-6;Pamela Isabel López Ruiz;1978/7/20;A;4172191;0.23;18139960.869565215
133;11.111.600-0;Isidora Ignacia Quiroga Robles;1971/7/28;C;140387;8.76;16025.913242009134
134;16.955.567-7;Felipe Pedro González Castro;1973/7/6;B;8430217;0.56;15053958.928571427
135;10.420.983-7;Isidora Constanza Muñoz Saavedra;1971/12/9;A;2756667;7.93;347625.0945775536
136;20.580.480-3;Rodrigo Felipe Robles Rodríguez;1973/6/0;B;5686309;7.12;798638.904494382
137;16.597.534-9;Victoria Javiera Marín Robles;1998/9/25;B;8253868;8.22;1004120.1946472019
138;13.054.914-10;Ramón Felipe Robles López;1982/6/29;C;2318415;4.67;496448.608137045
139;5.510.740-1;Ignacia Valeria Díaz Rodríguez;1993/8/16;E;2159357;5.29;408196.03024574666
140;4.654.967-2;Francisco Ignacio Robles Rojas;1961/12/12;B;3617517;1.21;2989683.4710743804
141;11.412.525-9;Daniela Isidora Ruiz Castro;1972/12/24;B;1343176;1.35;994945.1851851852
142;20.956.066-3;Daniela María Vergara Rodríguez;1981/4/14;D;1072466;9.97;107569.30792377131
143;21.792.520-5;María Ignacia Rodríguez González;1965/3/30;B;154257;0.42;367278.5714285714
144;19.999.232-6;Francisco Alejandro Rojas González;1985/12/21;E;3519240;6.97;504912.48206599714
145;15.695.702-4;Juan Andrés Valenzuela Díaz;1963/7/3;A;2130840;5.36;397544.77611940296
146;5.287.026-6;Cecilia Javiera Muñoz González;1969/11/0;C;5940912;3.06;1941474.5098039214
147;5.407.517-5;Francisco Ramón Valenzuela Ruiz;2000/7/28;B;7094335;5.21;1361676.583493282
148;13.679.200-6;Ramón Bernardo Vergara Campos;1987/7/19;B;2773033;9.65;287360.93264248705
149;15.850.149-7;Andrés Francisco Valenzuela Vergara;1982/5/22;B;3787248;6.2;610846.4516129032
150;12.305.217-4;Ignacia Isidora Campos Castro;1991/12/30;D;1640021;1.01;1623783.1683168316
151;11.254.871-9;Bernardo Andrés Vergara Castro;1995/4/4;E;3791730;1.81;2094878.453038674
152;17.652.656-6;Cecilia Victoria Marín Campos;1993/3/11;E;8175852;3.78;2162923.8095238097
153;14.389.622-8;Vicente Rodrigo Díaz Saavedra;1975/12/0;A;5775655;4.8;1203261.4583333335
154;21.325.113-2;Javier Bernardo Díaz Rojas;1989/3/9;C;8360469;8.6;972147.5581395349
155;6.980.221-2;Paula Javiera Díaz Ruiz;1987/3/8;A;5041829;0.43;11725183.720930234
156;4.843.261-0;Andrea Isabel Robles Muñoz;1972/8/14;D;7346267;5.72;1284312.4125874126
157;18.116.552-10;Andrés Vicente Díaz Castro;1988/1/11;D;186502;2.76;67573.1884057971
158;10.182.319-3;Vicente Francisco Campos Robles;1990/4/1;C;9232121;9.93;929720.1409869083
159;16.561.265-10;Valeria Blanca González Ruiz;2000/12/25;C;1769566;7.51;235627.96271637816
160;7.429.863-8;Alejandro Juan Marín Rodríguez;1993/1/8;A;3735650;4.35;858770.1149425288
161;8.822.439-3;Paula Javiera Castro Marín;1972/2/28;B;6375125;0.2;31875625.0
162;14.221.739-4;Pablo Ramón Díaz Saavedra;1976/7/19;A;8934085;7.48;1194396.3903743315
163;10.802.217-6;Ignacio Ignacio Marín González;1966/9/8;A;7677853;0.05;153557060.0
164;7.919.888-4;Javiera Javiera Rodríguez Robles;1999/5/13;A;9851232;6.89;1429786.9375907113
165;8.887.050-5;Blanca Isidora Castro Campos;1986/5/9;C;4042738;9.84;410847.35772357724
166;9.547.167-5;Ramón Felipe González Marín;1994/11/22;D;7940435;4.72;1682295.5508474577
167;14.390.343-0;Rodrigo Bernardo Castro Quiroga;1975/4/6;C;5549798;9.88;561720.4453441295
168;11.321.030-4;Javier Gabriel Robles González;1960/11/12;E;7578656;1.44;5262955.555555556
169;19.013.855-9;Bernardo Vicente Saavedra Marín;1990/6/27;D;4733635;9.67;489517.58014477766
170;19.784.254-4;Ignacia Victoria Valenzuela Rojas;1991/1/0;C;6654301;3.84;1732890.8854166667
171;4.437.416-8;Ignacio Francisco González Robles;1983/3/4;E;8549179;7.29;1172726.8861454048
172;21.623.597-4;Daniela Daniela Díaz Vergara;1971/2/21;E;8273672;5.25;1575937.5238095238
173;11.404.369-2;Pedro Bernardo Rodríguez Muñoz;1965/2/22;C;5020769;8.2;612288.9024390244
174;16.296.341-5;Ignacia Javiera Muñoz Saavedra;1975/2/24;C;3216075;0.02;160803750.0
175;8.387.700-6;Ramón Ignacio Marín Rojas;1979/3/1;A;359343;6.18;58146.11650485437
176;12.490.952-10;Juan Alejandro Saavedra Muñoz;1994/4/26;D;3791999;0.32;11849996.875
177;5.204.054-3;Constanza Isabel Campos Ruiz;1981/4/25;C;6284742;2.39;2629599.1631799163
178;19.111.351-2;Gabriel Ignacio Campos Castro;1974/9/25;B;7691022;7.27;1057912.242090784
179;17.919.505-1;Valeria Cecilia González Muñoz;1984/9/10;E;7684647;8.93;860542.7771556551
180;13.307.371-5;Javiera Valeria Rojas Valenzuela;1988/7/17;E;3325043;1.37;2427038.6861313866
181;10.400.415-7;María Ignacia Ruiz Muñoz;1969/11/1;D;9623100;6.74;1427759.643916914
182;7.120.852-6;Ignacia Cecilia Campos Robles;1985/2/18;E;8232169;3.85;2138225.714285714
183;19.406.676-1;Pedro Bernardo Díaz Rodríguez;1984/8/3;D;6415292;4.14;1549587.4396135267
184;17.899.515-10;Andrea María Ruiz López;1979/5/15;C;834242;5.25;158903.2380952381
185;4.442.742-5;Ignacia Isabel Campos Díaz;1986/6/5;D;2355041;5.2;452892.5
186;11.931.275-4;Pamela María Muñoz Díaz;1975/2/20;B;1656258;2.25;736114.6666666666
187;16.905.584-0;Cecilia Ignacia Ruiz Muñoz;1998/5/18;A;1481382;8.75;169300.8
188;8.623.399-9;Andrea Constanza Rodríguez Marín;1974/8/17;C;4852295;2.78;1745429.8561151081
189;18.312.624-2;Isidora Isidora Muñoz López;1985/2/5;D;6698411;3.88;1726394.587628866
190;5.157.771-7;Javiera María Rojas Quiroga;1980/1/7;A;4773738;4.78;998689.9581589957
191;21.298.877-8;Ignacio Alejandro Marín Marín;1984/2/20;A;8639103;4.09;2112250.1222493886
192;5.745.971-4;Javier Bernardo Rodríguez Rodríguez;1987/3/1;E;5739686;0.87;6597340.229885058
193;10.433.791-5;Andrea Blanca Saavedra Ruiz;1964/4/3;E;1779264;9.55;186310.3664921466
194;7.295.292-0;Pamela Paula Muñoz Díaz;1995/2/8;B;6989288;6.77;1032391.1373707533
195;20.313.538-1;Constanza Isidora Marín Rojas;1967/8/0;E;4610577;5.19;888357.8034682081
196;20.016.893-5;Pedro Rodrigo González López;1973/4/27;A;542405;9.68;56033.57438016529
197;8.235.908-1;Valeria Daniela Saavedra González;1999/9/25;D;7441178;1.32;5637256.060606061
198;8.835.581-9;Isabel Valeria González Ruiz;1988/6/30;E;7208244;1.02;7066905.882352941
199;6.738.983-1;Juan Pedro Muñoz Rodríguez;1991/6/12;C;9177465;6.24;1470747.596153846
200;12.093.279-2;Paula Isabel Rodríguez Muñoz;1971/6/25;C;9284112;6.2;1497437.4193548386
201;16.578.843-3;Felipe Francisco Robles González;1983/7/25;E;3329756;9.07;367117.5303197354
202;9.210.709-8;Cecilia Ignacia Quiroga Robles;1977/1/15;C;967732;5.06;191251.3833992095
203;14.581.441-8;Victoria Daniela Valenzuela López;1969/2/26;E;7659539;1.01;7583701.98019802
204;5.485.175-3;Vicente Francisco Rodríguez Saavedra;1965/5/6;B;1546267;3.18;486247.4842767295
205;8.800.397-9;Felipe Francisco González Muñoz;1967/6/15;B;8313416;7.76;1071316.4948453608
206;14.06.215-4;Pamela Paula Robles Ruiz;1993/4/20;C;6781484;4.16;1630164.423076923
207;11.618.550-1;Andrea Isidora Vergara Rojas;1994/1/1;B;1028216;2.08;494334.6153846154
208;18.607.370-10;Gabriel Vicente Castro Robles;1983/8/5;C;5723784;3.69;1551160.975609756
209;12.552.291-1;María Pamela Ruiz Robles;1966/4/10;C;7372685;8.43;874577.1055753262
210;17.368.076-2;Isabel Victoria Rodríguez González;1989/9/27;A;3734897;4.12;906528.3980582524
211;17.502.560-7;Javiera María Campos Saavedra;1984/8/17;B;6704463;5.41;1239272.2735674677
212;4.01.528-1;Victoria Victoria Robles López;1974/6/16;A;7790386;7.75;1005211.0967741936
213;5.839.472-4;Javier Francisco López Rodríguez;1967/4/11;A;5432824;6.88;789654.6511627907
214;9.201.429-2;Felipe Ignacio Campos Castro;1961/4/12;B;6987709;4.88;1431907.5819672132
215;18.479.543-1;Isabel Pamela Díaz Quiroga;1986/2/22;E;785190;4.12;190580.09708737864
216;9.722.748-3;Rodrigo Javier Ruiz Rojas;1974/8/17;A;6783899;1.72;3944127.3255813955
217;5.480.187-10;Alejandro Alejandro Muñoz Saavedra;1981/9/3;C;5603515;4.92;1138925.81300813
218;17.996.075-2;Isabel Javiera Muñoz Rojas;1964/5/14;C;9056033;3.41;2655728.1524926685
219;8.860.988-10;Felipe Ramón Saavedra Rojas;1991/7/27;E;7406287;7.63;970679.8165137615
220;19.855.344-1;Javier Rodrigo Vergara López;1991/9/25;A;1723601;2.39;721171.9665271966
221;7.691.857-7;Vicente Andrés Díaz González;1966/4/13;B;4702156;5.29;888876.370510397
222;12.574.429-6;Cecilia Constanza Saavedra Campos;1971/8/10;A;9702640;2.78;3490158.273381295
223;10.603.289-6;Victoria Daniela Quiroga Quiroga;1977/12/9;A;4070407;8.12;501281.65024630545
224;7.558.707-6;Alejandro Andrés Robles Valenzuela;1964/8/8;E;1671970;9.17;182330.42529989095
225;7.994.312-3;Cecilia Pamela Muñoz Muñoz;2000/11/7;D;3694060;8.29;445604.34258142347
226;14.505.733-9;Constanza María Rojas Rojas;1970/7/30;E;8617045;6.54;1317590.9785932722
227;20.192.06-2;Ignacio Felipe Castro Saavedra;1975/11/12;C;7430364;7.54;985459.4164456234
228;20.819.165-0;Constanza Paula Rodríguez Muñoz;1987/12/2;E;9009761;8.35;1079013.2934131736
229;5.024.499-8;Isidora María López Ruiz;1994/3/18;C;2430364;7.05;344732.4822695036
230;21.733.521-10;Pedro Javier Rodríguez Quiroga;1973/12/16;B;9520336;1.31;7267432.061068702
231;9.668.789-0;Isidora María López Quiroga;1990/3/3;D;2541907;3.9;651771.0256410256
232;13.436.394-9;Cecilia Andrea Rodríguez Quiroga;1987/4/7;A;5567016;7.11;782983.9662447257
233;8.163.687-1;Pablo Juan Robles Marín;1961/4/0;B;4192330;3.93;1066750.6361323155
234;20.348.018-0;Ignacio Felipe Muñoz González;1999/5/12;D;5985993;0.72;8313879.166666667
235;13.662.998-4;Ignacio Javier Rojas Campos;1986/7/27;C;2044449;2.32;881228.0172413794
236;11.132.026-10;Constanza Paula Castro Castro;1964/11/14;A;8601475;9.32;922905.0429184549
237;10.040.582-2;Javiera Valeria Vergara Rodríguez;1980/12/4;E;6668725;7.44;896334.0053763441
238;8.052.040-0;Andrea Paula Rojas Marín;1973/9/19;C;3355947;0.2;16779735.0
239;18.825.810-4;Constanza Blanca Valenzuela Valenzuela;1972/10/27;B;6525922;2.46;2652813.8211382115
240;17.618.835-0;Constanza Victoria Castro Castro;1981/8/26;E;1202457;3.08;390408.1168831169
241;21.322.811-9;Pedro Bernardo Quiroga Campos;1990/9/25;A;7484444;5.06;1479139.1304347827
242;4.535.882-7;Ignacio Pablo Marín Castro;1960/3/3;C;1330544;2.55;521781.96078431373
243;6.984.995-8;Ignacio Felipe Castro Muñoz;1966/12/4;E;9457273;5.31;1781030.6967984936
244;7.431.756-3;Vicente Ignacio Robles Vergara;1983/5/0;B;5040411;9.66;521781.6770186335
245;17.807.689-10;Pablo Ramón Rodríguez Muñoz;1981/2/17;A;1823641;9.96;183096.48594377507
246;5.682.817-6;Pablo Pedro Marín Valenzuela;1967/9/27;D;6602941;7.32;902041.1202185792
247;9.736.585-8;Constanza María Díaz Díaz;1973/4/14;B;2722131;7.66;355369.5822454308
248;7.495.227-7;Javiera Victoria Castro Rodríguez;1994/7/21;D;6820265;9.43;723251.8557794273
249;11.795.173-1;Ignacia Paula Quiroga Quiroga;1977/8/9;E;6340030;7.38;859082.6558265582
250;9.338.094-4;Isabel Isidora Castro Rodríguez;1983/1/27;A;9928623;9.64;1029940.1452282157
251;15.416.012-10;Rodrigo Alejandro López Ruiz;1962/8/19;D;2359375;5.19;454600.1926782273
252;15.580.087-7;Valeria Constanza López Robles;1974/4/12;A;5414631;4.21;1286135.6294536816
253;14.604.345-10;Ignacio Andrés Quiroga Vergara;1977/11/19;D;1999093;1.9;1052154.2105263157
254;18.679.851-1;Javier Pablo Vergara Rodríguez;1960/6/12;D;3749357;4.95;757445.8585858586
255;14.519.250-9;Isabel Pamela Vergara Ruiz;1978/4/9;D;8505354;3.87;2197765.891472868
256;5.056.391-9;Felipe Ignacio González Campos;1999/4/15;C;733858;2.77;264930.6859205776
257;17.146.224-8;María Constanza Díaz Muñoz;1962/2/21;D;2788801;2.4;1162000.4166666667
258;20.130.588-0;Cecilia María Campos Robles;1961/4/13;B;2171115;3.92;553855.8673469388
259;13.264.711-9;Andrea Isidora Campos Castro;1993/2/15;E;9814529;0.45;21810064.444444444
260;21.970.228-9;Felipe Pablo López Rodríguez;1979/4/6;D;6848081;8.04;851751.368159204
261;13.778.923-8;Vicente Felipe Campos Marín;1992/11/20;A;7103077;2.46;2887429.674796748
262;10.676.926-7;Isabel Isabel Marín Rodríguez;1993/12/3;C;5854383;5.38;1088175.278810409
263;4.851.172-3;Victoria Victoria Vergara Valenzuela;1974/3/6;A;1609712;2.29;702931.0043668122
264;17.582.753-3;Francisco Felipe Vergara Saavedra;1982/10/11;A;8402999;7.62;1102755.7742782151
265;9.210.204-0;Daniela María Muñoz Rodríguez;1991/7/28;A;2933562;3.11;943267.5241157557
266;19.065.254-9;Isabel Ignacia Valenzuela Marín;1966/6/28;C;5417132;5.55;976059.8198198199
267;15.138.373-8;Andrea Isidora Valenzuela Campos;1984/6/11;A;8128511;0.55;14779110.909090908
268;5.603.699-2;Andrea Ignacia Robles Vergara;1966/5/14;B;9606304;8.72;1101640.366972477
269;7.434.536-8;Constanza Ignacia Muñoz Ruiz;1987/1/23;C;5810552;4.94;1176225.1012145749
270;17.956.402-3;Ramón Juan López Muñoz;1975/1/13;D;7271097;2.8;2596820.3571428573
271;12.039.398-7;Gabriel Ramón González Vergara;1960/3/8;D;3239912;2.95;1098275.2542372881
272;8.561.124-1;Andrea Isidora Castro Muñoz;1979/9/4;D;3369109;8.02;420088.40399002493
273;11.296.862-8;Blanca Cecilia Rojas González;1998/7/29;A;367473;2.73;134605.4945054945
274;21.581.422-0;Felipe Gabriel González González;1993/4/4;B;4557694;8.84;515576.2443438914
275;21.084.036-3;Pamela Pamela Valenzuela Castro;1998/9/5;A;6606663;5.77;1145002.253032929
276;11.106.197-8;Isidora Cecilia González Quiroga;1986/6/3;D;3851030;3.81;1010769.0288713911
277;20.235.824-0;Francisco Rodrigo Rodríguez Campos;1999/9/13;E;6204671;0.15;41364473.333333336
278;10.284.040-5;Pedro Pedro Marín Castro;1986/12/15;E;9414259;1.58;5958391.772151899
279;8.107.305-10;Isabel Pamela Vergara Muñoz;1996/12/0;A;2348676;6.76;347437.2781065089
280;4.917.112-3;Ignacio Juan Ruiz Marín;1988/5/4;A;5690472;5.54;1027161.010830325
281;4.847.152-1;Ramón Felipe Marín Robles;1977/8/13;A;8987039;9.12;985420.9429824562
282;8.885.678-0;Paula Blanca Quiroga Díaz;1971/3/28;D;7409415;9.53;777483.2109129067
283;21.075.755-3;Pedro Alejandro González Muñoz;1971/6/25;B;6343527;9.54;664939.9371069183
284;4.943.878-10;Rodrigo Juan Muñoz Díaz;1971/5/19;B;2565921;6.26;409891.53354632587
285;17.212.040-5;Andrés Javier González Quiroga;1970/5/12;C;3142360;4.84;649247.9338842975
286;20.096.979-1;Javier Pedro Castro Vergara;1991/8/23;C;1607313;0.49;3280230.612244898
287;13.994.021-1;María Isidora Rodríguez González;1982/11/29;C;1110441;6.81;163060.3524229075
288;20.850.352-3;Pedro Gabriel Ruiz Díaz;1981/8/10;C;8429104;3.83;2200810.4438642296
289;14.784.917-2;Constanza Ignacia Vergara Vergara;1966/4/19;C;1436930;9.16;156870.08733624453
290;5.576.219-2;Francisco Ignacio Valenzuela Rojas;2000/11/3;D;9785139;8.91;1098219.8653198653
291;17.343.807-8;Victoria Blanca Valenzuela Vergara;1987/1/3;A;4332425;1.74;2489899.425287356
292;13.109.115-1;Bernardo Javier Marín Rojas;1967/7/13;E;7747933;9.69;799580.2889576884
293;5.365.957-5;Blanca Blanca Vergara Ruiz;1974/8/25;B;2081164;4.54;458406.16740088107
294;8.234.301-7;Ignacia Blanca Rodríguez Valenzuela;1979/3/2;E;699108;8.85;78995.25423728814
295;16.660.372-2;Javier Alejandro Muñoz Ruiz;1971/3/5;C;4871110;8.45;576462.7218934912
296;8.529.931-7;Paula Pamela Ruiz Robles;1976/4/12;A;6012500;3.66;1642759.56284153
297;8.134.215-5;Andrés Andrés Vergara Castro;1989/7/14;B;7136881;5.82;1226268.2130584193
298;19.084.318-6;Gabriel Felipe Saavedra Valenzuela;1988/8/18;E;3373994;0.53;6366026.415094339
299;7.342.918-9;María Daniela Vergara Rojas;1976/5/15;B;5715642;5.27;1084562.0493358634
300;5.518.023-1;Felipe Bernardo López Muñoz;1982/9/24;E;4536689;8.02;565671.9451371571
301;14.027.475-3;Blanca Constanza Robles Marín;2000/9/4;D;8710633;8.5;1024780.3529411765
302;5.358.893-9;Andrea Pamela López López;1974/11/9;D;4591082;5.25;874491.8095238095
303;10.119.164-1;Rodrigo Pedro Muñoz Díaz;1966/7/16;A;2467085;0.43;5737406.976744186
304;20.473.242-6;Pedro Ramón Muñoz Rojas;1963/6/5;A;8213987;3.06;2684309.477124183
305;6.376.295-8;Paula Daniela González Saavedra;1998/5/6;A;3401785;1.05;3239795.238095238
306;5.680.774-3;Andrés Alejandro Ruiz Rodríguez;2000/6/16;B;8913923;2.8;3183543.9285714286
307;11.859.742-10;Pedro Gabriel Rodríguez Castro;1993/6/28;D;4578762;8.1;565279.2592592593
308;11.462.263-5;Constanza Victoria Robles Valenzuela;1975/7/23;A;3300143;3.5;942898.0
309;14.494.698-2;Cecilia María López Díaz;1980/1/1;A;1001666;5.48;182785.76642335765
310;8.02.489-9;Ignacio Francisco Rojas Muñoz;1996/6/22;C;2124776;7.37;288300.67842605157
311;18.195.173-8;Francisco Alejandro Saavedra Rodríguez;1975/12/6;C;7873505;5.21;1511229.3666026872
312;17.306.676-3;Javiera María Muñoz Robles;1999/3/27;D;5297499;0.07;75678557.14285713
313;18.548.869-6;Paula Pamela Campos Saavedra;1961/11/30;C;2218123;5.53;401107.23327305604
314;4.940.656-1;María Ignacia Marín Castro;1980/4/21;D;5695727;7.26;784535.3994490359
315;4.575.306-0;Juan Bernardo Robles López;1997/7/19;A;2667272;1.37;1946913.8686131386
316;20.529.797-4;Pamela Constanza Díaz Castro;1975/12/0;D;6795224;7.45;912110.6040268457
317;16.446.099-2;Isidora Isidora Vergara Robles;1983/4/26;E;1753619;4.29;408768.9976689977
318;8.641.101-7;Ignacia Cecilia Saavedra Ruiz;1996/12/13;A;6329517;3.89;1627125.1928020564
319;12.809.053-1;Andrés Pedro Castro Rojas;1987/8/9;B;4239250;4.29;988170.1631701632
320;17.989.035-5;Andrés Gabriel Díaz Quiroga;1989/10/11;A;9581484;6.82;1404909.6774193547
321;11.855.826-4;Victoria Blanca Ruiz González;1969/7/28;C;6229549;3.44;1810915.4069767443
322;19.813.891-4;Daniela Daniela Rojas Vergara;1973/8/30;C;4045137;3.69;1096243.0894308942
323;8.284.367-0;Ignacio Rodrigo Rodríguez Castro;1993/8/29;A;4214998;5.54;760829.963898917
324;4.544.134-10;Valeria Andrea Vergara Rodríguez;1987/12/6;E;2761884;5.21;530112.0921305183
325;5.914.102-0;Cecilia Daniela González Rodríguez;1984/10/25;A;6371399;7.28;875192.1703296703
326;21.453.410-2;Gabriel Javier Marín González;1965/7/27;E;9120887;4.64;1965708.405172414
327;13.311.864-6;Isabel Cecilia Rojas Ruiz;1966/7/24;D;9616527;5.29;1817868.9981096408
328;13.080.173-3;Juan Pedro Vergara Díaz;1975/9/1;D;2734239;6.08;449710.3618421053
329;20.296.281-5;Javier Francisco Ruiz Robles;1962/2/24;D;1406190;0.13;10816846.153846154
330;14.433.105-1;Javiera Constanza Rodríguez Vergara;1997/8/22;C;1577621;1.57;1004854.1401273885
331;17.611.988-6;Andrea Victoria Castro López;1967/1/3;D;1670747;3.23;517259.133126935
332;11.168.885-1;María Ignacia Castro Rodríguez;1991/11/14;C;4911335;6.49;756754.2372881356
333;17.745.176-0;Victoria Paula Rodríguez Rodríguez;1970/9/24;D;345020;7.49;46064.085447263016
334;13.367.232-5;Paula Daniela Muñoz Rodríguez;1990/3/4;B;3176653;0.76;4179806.5789473685
335;9.277.655-4;Javier Juan Rodríguez López;1987/11/30;B;7489472;9.6;780153.3333333334
336;21.474.984-5;Pedro Felipe Campos Muñoz;1992/5/17;C;2682679;8.58;312666.5501165501
337;5.407.299-2;Cecilia Andrea Vergara Ruiz;1997/9/12;B;8147388;3.7;2201996.7567567565
338;7.214.011-5;Francisco Gabriel Quiroga Rodríguez;1989/3/21;C;2767927;6.43;430470.76205287717
339;8.621.933-3;Pablo Juan Saavedra Marín;1977/7/27;A;218164;4.52;48266.371681415934
340;18.716.903-2;Andrés Francisco Quiroga Castro;1971/3/15;B;4824987;8.42;573038.836104513
341;14.157.538-3;Pamela Cecilia Valenzuela Marín;1991/5/17;C;4297458;7.0;613922.5714285715
342;4.675.418-3;Ignacio Bernardo López Muñoz;1990/11/0;E;8934396;8.5;1051105.4117647058
343;18.346.531-4;Constanza Andrea López Díaz;1963/3/25;C;9966127;7.22;1380350.0
344;17.996.644-8;Alejandro Juan Rodríguez Marín;1962/6/10;C;8547711;4.99;1712968.136272545
345;21.600.893-6;Javier Pablo López Castro;1972/6/7;E;6755322;6.92;976202.6011560694
346;20.237.992-1;Isabel Isidora Muñoz López;1965/6/29;E;7893079;4.32;1827101.6203703703
347;21.692.402-9;Pedro Ramón Castro López;1986/1/23;A;9391194;2.27;4137089.8678414095
348;21.440.976-6;Constanza Daniela Castro Saavedra;1998/4/25;E;8024398;0.95;8446734.736842105
349;11.785.972-4;Felipe Pablo Rojas Rojas;1995/6/10;B;1758706;7.05;249461.8439716312
350;16.047.696-7;Alejandro Bernardo Quiroga González;1981/12/11;D;8756843;9.18;953904.4662309368
351;13.156.734-1;Andrea Pamela Robles Rodríguez;1978/10/16;E;6189675;8.14;760402.3341523341
352;13.423.722-1;Javiera Ignacia Valenzuela Ruiz;1992/7/11;D;982002;2.75;357091.63636363635
353;7.440.110-10;Pablo Vicente Rodríguez López;1981/12/7;E;7614812;1.66;4587236.144578313
354;8.253.765-3;Isabel Andrea Vergara Robles;1987/1/29;B;3961200;9.45;419174.6031746032
355;15.392.380-10;Gabriel Gabriel González Rojas;1963/8/26;E;5014038;8.18;612963.0806845966
356;6.668.230-2;Cecilia Blanca Marín Quiroga;1961/4/16;B;1871639;2.14;874597.6635514018
357;10.663.126-6;Vicente Alejandro Muñoz Ruiz;1966/1/20;C;3960113;6.06;653483.99339934
358;7.271.273-7;Gabriel Bernardo Campos Rojas;1982/9/19;D;1908690;3.94;484439.0862944162
359;21.108.231-8;Andrés Juan Rodríguez Quiroga;1971/4/13;A;8670688;4.59;1889038.7799564272
360;19.783.064-4;Juan Vicente Vergara Díaz;1989/9/9;D;5612052;5.6;1002152.142857143
361;18.894.916-2;Isabel Daniela Castro Vergara;1993/1/29;E;480800;8.36;57511.96172248804
362;19.851.02-9;Gabriel Juan Díaz Castro;1997/12/9;C;1221601;2.24;545357.5892857142
363;16.936.918-7;Blanca Victoria Rojas López;1988/8/6;D;439287;3.6;122024.16666666666
364;16.307.938-6;Felipe Francisco Saavedra López;1981/10/0;E;204316;7.19;28416.689847009733
365;10.043.901-10;Javier Andrés Rodríguez Valenzuela;1978/10/7;C;7390407;6.75;1094875.111111111
366;4.787.772-1;Andrea María Ruiz Marín;1985/12/24;A;1778292;7.03;252957.61024182074
367;13.579.760-2;Pablo Pedro Rodríguez Marín;1983/2/6;B;5440433;9.77;556850.8700102355
368;4.782.394-4;Andrea Isidora Díaz Rojas;1987/4/7;C;2196260;6.18;355381.87702265376
369;13.682.595-4;Rodrigo Bernardo Ruiz Valenzuela;1979/4/3;C;4774002;1.26;3788890.476190476
370;9.619.271-10;Javier Alejandro Quiroga Rojas;1967/6/14;C;4077961;2.63;1550555.513307985
371;7.415.427-1;Andrés Francisco González Vergara;1973/3/15;E;492914;0.82;601114.6341463415
372;5.717.294-7;Gabriel Francisco Muñoz Valenzuela;1998/6/6;D;253916;2.34;108511.11111111112
373;14.732.831-2;Andrea Blanca Castro González;1990/5/10;A;3805407;6.58;578329.3313069908
374;4.877.883-5;Juan Pedro González Rojas;1965/6/1;E;6856940;9.29;738099.0312163618
375;19.266.118-6;Paula Victoria Díaz López;1965/8/25;C;6692575;5.59;1197240.6082289803
376;19.445.010-3;Valeria Victoria Rodríguez Quiroga;1997/3/4;A;6030324;6.35;949657.3228346457
377;10.406.449-4;Francisco Alejandro Marín Castro;1983/4/18;D;8111573;0.99;8193508.080808081
378;5.080.945-4;Paula Daniela Rodríguez Campos;1980/7/9;C;7244986;4.1;1767069.7560975612
379;20.325.410-6;Juan Pedro Vergara Muñoz;1962/4/28;E;2753989;0.54;5099979.62962963
380;8.161.572-7;Pamela Paula Robles Ruiz;1965/1/19;A;9919485;3.46;2866903.1791907516
381;4.237.580-9;Javier Vicente Robles Ruiz;1974/9/21;A;6320098;6.19;1021017.4474959612
382;18.306.869-8;Constanza Isabel Valenzuela Ruiz;1978/11/28;C;6459840;5.94;1087515.1515151514
383;14.502.816-7;Cecilia Paula Rojas González;1980/3/21;D;2130603;2.25;946934.6666666666
384;9.175.266-4;Daniela Daniela López Marín;1961/5/4;A;8559756;1.72;4976602.325581395
385;15.962.331-3;Rodrigo Gabriel Saavedra Rojas;1974/4/12;E;3438113;5.15;667594.7572815533
386;4.332.189-3;Javier Felipe López Muñoz;1973/2/3;D;9671441;4.98;1942056.425702811
387;12.558.153-5;Javiera Cecilia Rodríguez Saavedra;1974/6/27;A;3803155;8.92;426362.668161435
388;8.615.668-10;Juan Alejandro Rojas Saavedra;1998/6/10;C;7800885;8.12;960700.1231527094
389;10.876.684-3;Alejandro Rodrigo Rodríguez Díaz;1974/9/4;E;8277328;3.43;2413215.1603498543
390;17.954.271-7;Gabriel Ignacio Robles Rodríguez;1971/10/24;C;1343389;5.13;261869.2007797271
391;18.801.378-8;Vicente Andrés Marín Saavedra;1967/8/30;C;4367408;5.06;863124.1106719369
392;14.154.077-7;Javier Javier Campos Robles;1967/2/8;B;8215970;8.11;1013066.5844636252
393;5.648.732-2;Gabriel Felipe Quiroga Robles;1971/3/29;A;9046944;5.94;1523054.5454545454
394;10.100.844-7;Pedro Felipe González Castro;1994/4/26;E;2501362;5.83;429050.0857632933
395;7.435.779-1;Isidora Pamela Saavedra Díaz;1960/4/11;A;4781938;8.16;586021.8137254902
396;16.762.880-9;Andrés Javier Muñoz Rojas;2000/4/29;A;2437497;6.78;359512.83185840707
397;15.346.388-10;Victoria Constanza Díaz Robles;1980/11/27;B;3367163;9.34;360509.95717344753
398;17.765.024-6;Ignacio Ramón González Saavedra;1976/9/28;A;8387791;7.82;1072607.5447570332
399;18.280.243-1;Cecilia Andrea Saavedra Valenzuela;1991/7/28;C;4637929;4.35;1066190.5747126439
400;10.026.149-2;Victoria Victoria Ruiz Castro;1986/3/5;E;3684893;6.88;535594.9127906977
401;19.290.145-1;Constanza Daniela Vergara Campos;1993/5/2;A;1646488;4.99;329957.5150300601
402;6.388.608-5;Victoria Isidora Campos Campos;1974/8/8;B;8601808;8.44;1019171.5639810427
403;5.328.216-2;Ignacio Felipe Quiroga López;1992/1/29;C;3265051;9.38;348086.46055437095
404;17.188.03-9;Francisco Rodrigo Valenzuela Castro;2000/1/11;A;7212302;4.92;1465915.0406504066
405;5.498.732-10;Pedro Pablo Valenzuela Valenzuela;1986/12/6;C;7134272;8.81;809792.5085130533
406;17.548.335-1;Valeria Victoria Campos Rodríguez;1983/3/7;C;8673869;8.38;1035067.8997613364
407;15.730.383-1;Ignacia Cecilia Quiroga Castro;1988/6/18;E;1848193;5.32;347404.6992481203
408;20.685.222-3;Bernardo Juan López Rojas;1964/7/1;A;1977371;8.55;231271.46198830407
409;13.853.659-8;Juan Vicente Ruiz López;1973/7/19;C;5365495;8.61;623170.1509872242
410;21.868.476-3;Javier Felipe López Díaz;1975/3/13;B;5300861;6.07;873288.467874794
411;7.406.044-9;Daniela Daniela Campos Valenzuela;1982/7/24;E;1680119;9.68;173566.01239669422
412;5.760.609-1;Pamela Valeria Robles Rojas;1998/6/16;A;8482715;0.16;53016968.75
413;17.636.858-1;Blanca Cecilia Marín Valenzuela;1971/10/9;D;4461090;3.83;1164775.45691906
414;4.777.357-2;Pablo Rodrigo Campos Robles;1993/1/3;C;6082167;2.71;2244342.066420664
415;13.882.054-8;Cecilia Paula Castro Muñoz;1970/8/28;E;8073974;6.06;1332338.9438943896
416;4.622.169-1;Valeria Paula González González;1987/8/6;D;3204767;9.62;333135.8627858628
417;5.371.872-3;María Isidora Castro González;1989/5/30;B;5421631;0.42;12908645.238095239
418;16.859.969-1;Gabriel Bernardo López Castro;1978/12/11;D;185032;8.83;20954.92638731597
419;5.902.757-8;Paula Pamela López Rodríguez;1967/11/17;A;8069517;6.53;1235760.6431852987
420;19.292.819-9;Francisco Francisco López Quiroga;1969/2/8;E;2013534;3.28;613882.3170731708
421;17.092.09-8;Ignacio Juan Quiroga Castro;1978/10/18;B;1132580;1.17;968017.0940170941
422;8.150.297-6;Isabel Constanza Rojas Robles;1974/10/8;A;589323;3.92;150337.5
423;20.313.740-8;Isidora Javiera Muñoz Robles;1984/8/15;D;462564;3.96;116809.09090909091
424;21.438.115-9;Isabel Blanca López Rojas;1970/3/19;D;3803701;9.54;398710.7966457023
425;7.283.942-8;Cecilia Pamela López González;1996/4/9;A;1141924;7.96;143457.7889447236
426;5.310.039-4;Daniela Victoria Campos Díaz;1992/3/21;E;177231;6.08;29149.83552631579
427;9.635.970-10;María Valeria Marín Rodríguez;1960/3/2;E;1007821;2.63;383201.90114068444
428;16.369.378-10;Juan Felipe Rodríguez Vergara;1964/12/22;A;4798608;5.25;914020.5714285715
429;18.321.635-1;Bernardo Felipe Rojas Castro;1994/3/24;E;7656021;4.44;1724329.054054054
430;13.057.375-5;Isabel Javiera Muñoz Campos;1991/9/15;A;9829575;2.14;4593259.345794392
431;10.730.916-5;María Cecilia Quiroga Castro;1973/12/29;D;574807;0.68;845304.4117647058
432;10.723.592-5;Bernardo Javier Castro Saavedra;1984/5/3;A;8489687;8.79;965834.6985210468
433;20.808.572-9;Rodrigo Ramón Ruiz Díaz;1995/12/9;A;1935257;8.35;231767.30538922155
434;9.290.198-0;Daniela Isabel Ruiz Díaz;1996/5/5;B;2283180;0.47;4857829.787234043
435;13.119.497-7;Isabel Blanca Castro Marín;2000/10/10;D;305460;6.57;46493.150684931505
436;5.172.420-10;Gabriel Pedro López Ruiz;1969/10/3;D;545993;2.62;208394.2748091603
437;6.160.235-1;Blanca Pamela Robles Rojas;1971/8/21;B;9034960;3.25;2779987.6923076925
438;15.190.129-6;Andrea Andrea Saavedra Díaz;1976/12/22;C;4787656;2.0;2393828.0
439;19.054.119-5;Cecilia Javiera Rodríguez Díaz;1971/5/16;D;7756575;0.44;17628579.545454547
440;20.921.519-10;Javiera Valeria González Saavedra;1994/6/29;C;8422232;7.78;1082549.1002570693
441;18.172.945-6;Andrés Ramón Valenzuela Marín;1966/3/28;E;1809464;5.81;311439.58691910503
442;13.393.426-9;Andrea Isidora Rodríguez González;1966/12/22;C;54358;3.35;16226.268656716418
443;15.823.299-8;Javiera Cecilia López Saavedra;1966/3/24;D;5029065;7.83;642281.6091954022
444;11.687.115-8;María Pamela Robles González;1962/5/6;D;6723713;3.31;2031333.2326283988
445;6.086.548-3;Juan Bernardo Ruiz Díaz;1975/11/1;E;4827734;8.33;579559.9039615847
446;20.857.387-6;Ignacio Rodrigo Castro González;1970/6/21;D;9384879;8.93;1050938.2978723405
447;21.559.061-8;Andrés Vicente Castro Ruiz;1963/1/17;E;1618374;2.05;789450.7317073172
448;5.725.055-8;Juan Alejandro Valenzuela Rojas;1998/4/20;A;638154;9.02;70748.78048780488
449;7.614.065-6;Ignacia Paula Quiroga Díaz;1961/12/11;B;341884;7.43;46013.99730820996
450;4.035.258-4;Andrés Javier Rojas Muñoz;1976/3/23;D;8415779;4.17;2018172.4220623502
451;14.117.419-0;Pedro Ignacio Campos Rodríguez;1977/2/15;D;8931856;1.52;5876221.052631579
452;20.514.874-0;Victoria Valeria Vergara López;1967/8/14;A;8784413;4.43;1982937.4717832957
453;21.817.694-6;Isidora Valeria González Rodríguez;1970/5/25;B;3204297;1.94;1651699.4845360825
454;10.973.165-6;Gabriel Rodrigo Vergara Castro;1995/10/19;B;7288411;1.26;5784453.174603174
455;21.469.114-8;Vicente Pedro Campos Robles;1995/1/25;B;4155705;2.91;1428077.3195876288
456;14.316.140-1;Pablo Rodrigo Rodríguez Campos;1967/12/30;D;4377302;8.23;531871.4459295261
457;15.982.069-8;Pedro Pablo Rodríguez Robles;1975/3/1;D;7732977;1.07;7227081.3084112145
458;14.399.501-8;Daniela Andrea Rojas Marín;1972/2/28;B;8083637;0.26;31090911.538461536
459;15.603.039-1;Pablo Javier Quiroga Campos;1987/11/18;E;5701132;6.88;828652.9069767442
460;17.457.845-6;Francisco Pablo Marín Robles;1995/6/16;B;6700551;9.03;742032.2259136214
461;12.485.117-4;Constanza María Marín Quiroga;1990/4/9;C;9062302;6.62;1368927.7945619335
462;10.658.682-1;Valeria Isidora Muñoz Quiroga;2000/9/26;B;946232;1.13;837373.4513274337
463;7.610.902-3;María Cecilia López Saavedra;1982/4/19;A;4783515;2.5;1913406.0
464;13.447.443-0;Valeria Constanza Marín Rodríguez;1962/9/21;D;3052636;5.54;551017.3285198556
465;5.370.036-0;Javiera Daniela Ruiz González;1975/12/11;B;8675056;6.18;1403730.7443365697
466;15.421.793-3;Pamela Javiera Castro Robles;1975/3/25;B;9742620;6.21;1568859.9033816424
467;17.391.928-5;Victoria Victoria López Ruiz;1980/4/4;D;4655478;0.39;11937123.076923076
468;7.562.367-4;Ignacia Isidora Díaz Marín;1965/10/6;C;2668075;6.59;404867.2230652504
469;5.241.775-9;Juan Ignacio Vergara Díaz;1988/12/11;E;7069938;6.28;1125786.305732484
470;7.896.998-6;Blanca Paula Saavedra González;1961/9/11;B;4934709;8.68;568514.8617511521
471;12.099.093-7;Ignacia Ignacia Ruiz Saavedra;1971/4/27;B;9376825;8.27;1133836.1547762998
472;21.358.390-0;Andrea Ignacia Rodríguez Ruiz;1963/7/2;E;1303956;0.35;3725588.571428572
473;16.736.863-3;Blanca Javiera Marín González;1979/9/3;E;6340157;5.45;1163331.5596330275
474;5.112.861-10;Constanza Constanza Marín Vergara;1979/8/30;D;1838173;3.74;491490.10695187165
475;18.052.511-6;Pamela Daniela Rojas Vergara;1970/7/27;B;3143423;0.95;3308866.3157894737
476;15.890.990-1;Ramón Pablo Vergara Rodríguez;1964/6/14;C;9287757;3.35;2772464.776119403
477;10.563.481-5;Vicente Andrés Vergara Robles;1978/3/28;D;2340116;2.27;1030888.1057268722
478;11.828.058-3;Cecilia Victoria Marín Marín;1977/8/14;D;3409848;7.26;469676.03305785125
479;10.121.099-10;Vicente Pablo Vergara Vergara;1964/2/28;A;8864715;8.91;994917.5084175084
480;14.010.945-1;Francisco Pedro González Ruiz;1978/5/14;B;6007989;4.19;1433887.5894988065
481;18.187.918-3;Daniela María Rodríguez Marín;1984/1/10;D;7124695;3.2;2226467.1875
482;7.939.933-10;Isidora Javiera Díaz Castro;1993/3/8;E;7028374;1.62;4338502.469135802
483;10.877.709-8;Constanza Cecilia Vergara Vergara;1979/6/19;A;9335198;1.96;4762856.12244898
484;19.627.044-1;María Daniela Rodríguez López;1979/4/11;C;4476930;5.73;781314.1361256544
485;12.149.418-10;Andrea Isidora Quiroga Vergara;1964/3/9;E;9150135;5.57;1642753.1418312388
486;13.366.165-3;Isidora Ignacia Valenzuela Díaz;1995/2/26;C;251590;2.81;89533.80782918149
487;12.818.960-2;Gabriel Bernardo González Rojas;1991/12/7;E;2433260;7.8;311956.41025641025
488;6.780.340-8;Javier Javier Díaz Marín;1985/10/16;E;4058623;8.08;502304.8267326733
489;14.150.085-5;Andrea Andrea Saavedra Rojas;1965/4/26;C;9882955;8.37;1180759.2592592593
490;6.094.984-1;Isabel Andrea Rodríguez Vergara;1989/7/20;A;1777666;4.08;435702.45098039217
491;15.456.960-5;Gabriel Alejandro Robles Muñoz;1960/6/7;E;7656125;5.04;1519072.4206349207
492;15.125.153-8;Francisco Pedro Saavedra Rojas;1962/5/29;A;9466826;9.35;1012494.7593582888
493;8.863.285-5;Gabriel Pedro López Rojas;1986/5/11;B;5307504;9.65;550000.414507772
494;10.391.106-5;Ignacia Valeria Castro Quiroga;1988/3/18;D;2548767;0.26;9802950.0
495;19.108.194-10;Constanza Daniela Saavedra Rojas;1975/8/3;A;1355262;7.5;180701.6
496;7.501.437-7;Andrés Juan Rodríguez Rodríguez;1964/10/27;C;677137;3.04;222742.43421052632
497;11.052.557-7;Javiera Andrea Quiroga Quiroga;1963/5/29;C;3375723;9.71;347654.2739443872
498;21.566.543-4;Pablo Vicente Vergara Díaz;1975/8/18;B;3661501;3.49;1049140.687679083
499;10.730.846-5;Ignacio Felipe Rojas Muñoz;1991/7/22;A;1375077;5.68;242091.02112676058
500;19.320.138-7;Javiera Isidora Vergara Rojas;1986/6/0;C;7598107;7.15;1062672.3076923077
501;16.129.471-0;Pedro Ramón Saavedra Ruiz;1989/7/27;B;8828400;0.55;16051636.363636361
502;12.043.430-7;Isidora Andrea Robles Muñoz;1971/6/15;B;3876270;4.24;914214.6226415094
503;9.805.522-6;Constanza Victoria Muñoz González;1966/1/25;B;6477646;3.48;1861392.5287356323
504;21.235.224-0;Pedro Juan Valenzuela Díaz;1974/3/23;B;4109321;8.09;507950.6798516687
505;19.377.870-2;Felipe Javier Muñoz Robles;1972/5/22;A;6814046;1.87;3643874.86631016
506;17.377.402-5;Ramón Ramón Quiroga Valenzuela;1967/9/21;B;1858637;1.9;978230.0
507;12.291.407-1;Felipe Rodrigo Muñoz Rojas;1973/3/22;B;8193647;6.47;1266406.027820711
508;10.023.710-4;María Blanca Rodríguez Saavedra;1964/4/0;B;6225278;2.7;2305658.518518518
509;20.206.546-8;Javier Bernardo Marín Rodríguez;1992/2/8;D;6483419;2.58;2512953.100775194
510;17.783.011-5;Andrea Andrea Valenzuela Rojas;2000/7/11;D;508991;9.73;52311.510791366905
511;12.613.405-4;Paula Isabel Ruiz González;1971/7/3;C;269131;7.36;36566.711956521736
512;7.430.241-3;Daniela Constanza Díaz Muñoz;1990/11/2;C;9130565;7.56;1207746.693121693
513;10.219.944-6;Francisco Juan Saavedra Muñoz;1961/7/18;C;7402329;5.55;1333752.972972973
514;21.678.026-5;Javier Ramón Ruiz Vergara;1981/5/17;B;7945372;4.84;1641605.785123967
515;4.983.862-9;Victoria Daniela Castro Muñoz;2000/12/28;A;4817096;2.29;2103535.371179039
516;12.813.562-8;Bernardo Francisco González Saavedra;1981/8/0;B;8668896;9.47;915406.1246040126
517;21.622.805-5;Blanca Andrea Campos Ruiz;1961/5/15;E;3210432;0.32;10032600.0
518;16.734.707-6;María Isabel Valenzuela Díaz;2000/9/16;C;1980357;1.04;1904189.423076923
519;12.821.859-0;Daniela Constanza Castro González;1972/5/30;B;1617531;5.19;311663.0057803468
520;14.424.585-10;Ramón Pablo Rodríguez Rodríguez;1975/8/13;B;3384845;1.86;1819809.139784946
521;4.967.382-4;Ignacio Ramón Díaz Quiroga;1973/7/28;B;674325;9.02;74758.8691796009
522;20.708.058-3;Paula Blanca Valenzuela Castro;1995/9/19;B;3707984;2.29;1619206.9868995633
523;17.102.475-0;Blanca Victoria Ruiz Castro;1966/7/5;A;7677274;1.88;4083656.382978724
524;5.04.950-8;Constanza Constanza Vergara González;1978/5/29;D;7364059;1.83;4024075.956284153
525;10.922.906-2;Blanca Cecilia Vergara Rodríguez;1999/4/3;E;2834369;8.38;338230.19093078753
526;7.345.656-5;Cecilia Isabel Díaz Ruiz;1985/2/12;C;42298;3.7;11431.891891891892
527;17.125.535-9;Daniela Ignacia Díaz Robles;1973/6/15;C;4214951;0.51;8264609.803921568
528;7.121.741-0;Victoria Cecilia Valenzuela López;1988/11/1;E;1984902;5.04;393829.7619047619
529;18.776.859-10;Isidora Javiera López Quiroga;1964/2/3;A;7400363;3.47;2132669.4524495676
530;4.024.682-10;Valeria Victoria Saavedra Robles;1972/2/22;E;1641792;2.16;760088.8888888889
531;18.316.289-8;Blanca Constanza Díaz Vergara;1986/12/5;C;5025136;6.43;781514.1524105754
532;17.308.792-10;Bernardo Bernardo Campos Valenzuela;2000/8/16;A;8545257;4.77;1791458.4905660378
533;4.505.407-4;Javier Felipe Castro Castro;1966/6/20;A;7634035;6.51;1172662.8264208909
534;18.960.421-4;Cecilia Isidora Saavedra Quiroga;1981/4/3;E;2975113;1.91;1557650.7853403143
535;13.416.874-8;Javiera Blanca Ruiz López;1976/1/16;C;7666284;5.96;1286289.2617449665
536;4.590.071-6;Daniela Ignacia Rodríguez Vergara;1969/5/8;C;6075450;4.8;1265718.75
537;20.081.815-9;Pablo Alejandro González Quiroga;1989/8/5;D;72235;2.89;24994.809688581314
538;16.354.695-9;Cecilia Isidora Marín Campos;1971/5/5;E;3676849;4.34;847200.2304147466
539;8.738.616-3;Valeria Victoria Rojas Muñoz;1982/11/1;D;1789069;9.26;193203.99568034557
540;11.914.625-9;Javiera Ignacia Díaz Robles;1978/2/19;B;3239347;4.05;799838.7654320988
541;12.497.305-1;Juan Pablo Campos Castro;1974/5/9;D;1162612;6.84;169972.51461988303
542;8.204.882-2;Gabriel Pedro Saavedra Saavedra;1997/9/26;A;9525945;7.53;1265065.7370517927
543;8.234.235-9;Andrés Ignacio González Castro;1986/9/4;E;3762873;8.22;457770.43795620435
544;10.921.166-2;Juan Pablo Rojas López;1998/5/22;A;4093728;3.26;1255744.7852760737
545;7.876.393-4;Juan Pedro Castro Valenzuela;1998/7/14;C;7197120;0.2;35985600.0
546;14.051.624-8;Juan Juan Rodríguez Robles;1963/2/26;A;7392963;1.36;5436002.205882353
547;16.893.934-1;Francisco Javier Valenzuela Castro;1999/8/9;B;847403;7.07;119858.98161244695
548;12.360.758-10;Ignacio Pablo Robles Rojas;1964/7/17;C;9755745;7.46;1307740.616621984
549;4.866.662-10;Felipe Ignacio Campos Valenzuela;1997/10/5;C;8954225;0.61;14679057.37704918
550;10.881.665-0;Ignacio Alejandro Díaz Valenzuela;1994/10/0;E;4325132;8.01;539966.5418227216
551;17.922.927-8;Pamela Cecilia Valenzuela Castro;1991/4/24;A;8921875;0.6;14869791.666666668
552;21.956.355-8;Andrés Pablo Castro Díaz;1980/4/27;D;296257;7.62;38878.871391076114
553;13.203.129-2;Juan Andrés López González;1994/7/1;E;2641727;9.73;271503.2887975334
554;21.176.131-7;Victoria Isidora Saavedra Rodríguez;1973/7/27;A;528511;7.77;68019.43371943373
555;15.617.706-0;Vicente Vicente Díaz Rodríguez;1978/8/0;C;6960824;0.95;7327183.157894737
556;19.677.904-6;Francisco Alejandro Rojas Rodríguez;1975/5/17;B;467229;4.94;94580.76923076922
557;6.268.514-1;Isidora Constanza Saavedra Saavedra;1984/6/9;B;9962547;3.55;2806351.267605634
558;20.111.608-0;Pablo Javier Díaz Muñoz;1988/9/19;D;6336479;7.03;901348.3641536273
559;21.380.928-7;Cecilia Isidora Muñoz Rojas;1977/6/10;E;7581609;7.94;954862.5944584382
560;5.566.761-5;Ramón Andrés Marín Rojas;1979/2/3;B;2267297;3.24;699783.024691358
561;9.052.458-2;Francisco Javier Ruiz Rodríguez;1986/6/23;A;5683903;8.8;645898.0681818181
562;15.174.392-0;Isidora Constanza Castro Robles;2000/4/18;D;4487438;7.89;568750.0633713562
563;20.355.935-8;Pedro Ramón López Saavedra;1974/1/7;D;1409073;2.25;626254.6666666666
564;16.346.891-9;Andrés Gabriel López Vergara;1981/9/2;B;4446236;4.39;1012810.0227790433
565;18.669.680-5;Ignacia Pamela Rojas Ruiz;1962/8/9;C;8873614;2.44;3636727.049180328
566;13.556.844-0;Daniela Isabel González Marín;1986/3/28;A;965502;3.8;254079.47368421053
567;4.964.904-6;Andrea Cecilia Rodríguez Rodríguez;1968/10/0;B;252781;5.23;48332.88718929254
568;16.185.823-2;Andrés Javier Rodríguez Muñoz;1975/4/21;C;2463426;4.52;545005.7522123895
569;19.564.444-7;Javier Gabriel Robles Díaz;1979/3/26;A;4014469;8.1;495613.4567901235
570;21.427.388-3;Ignacia Victoria Robles Campos;1995/12/24;D;2463739;5.56;443118.52517985617
571;5.953.920-10;Pablo Rodrigo Ruiz González;1965/4/1;B;5085548;4.57;1112811.3785557987
572;8.850.777-8;Francisco Alejandro Quiroga Rodríguez;1971/2/12;A;6172208;7.68;803672.9166666667
573;17.796.256-1;María Daniela Ruiz Saavedra;1997/10/15;B;27274;7.9;3452.405063291139
574;16.839.463-6;Juan Alejandro Marín Rodríguez;1983/6/21;B;1298726;4.59;282946.8409586057
575;9.310.377-9;Daniela Pamela Saavedra Muñoz;1999/4/30;D;8751009;7.74;1130621.3178294573
576;21.355.597-4;Andrés Alejandro Campos Muñoz;1991/1/18;E;6409897;2.68;2391752.611940298
577;7.415.453-4;Ignacio Juan Saavedra Ruiz;1968/4/21;A;3315747;0.55;6028630.909090908
578;15.380.315-7;Andrés Rodrigo Marín Rodríguez;1971/8/24;B;1589408;9.46;168013.5306553911
579;10.727.556-10;Ignacia Cecilia Quiroga González;2000/2/11;E;8736611;3.86;2263370.725388601
580;19.052.973-6;Gabriel Ramón Saavedra Rodríguez;1994/3/18;B;2474513;3.85;642730.6493506493
581;18.749.411-2;Francisco Ramón González López;1960/9/10;B;5372451;8.05;667385.2173913043
582;11.680.853-2;Ignacio Rodrigo Díaz Rojas;1989/12/18;D;9878367;2.18;4531361.0091743115
583;6.227.082-10;Gabriel Juan Saavedra Muñoz;1982/7/28;C;1323928;3.48;380439.0804597701
584;18.05.743-8;Constanza Valeria Saavedra Quiroga;1995/6/19;C;97141;5.31;18293.973634651604
585;17.431.257-0;Cecilia Andrea Díaz Rojas;1963/1/20;C;4782741;3.49;1370412.8939828079
586;10.328.198-10;Javiera María Muñoz Rodríguez;1999/10/20;B;3090267;5.92;522004.5608108108
587;18.817.518-0;Javiera Isidora Quiroga López;1961/4/3;D;9254681;3.02;3064463.9072847683
588;7.946.832-8;María Cecilia Valenzuela Rodríguez;1960/12/14;B;5511082;3.27;1685346.1773700307
589;17.141.825-0;Victoria Valeria Castro Ruiz;1961/7/20;C;3475006;8.0;434375.75
590;16.657.910-10;Alejandro Javier Vergara González;1984/2/27;B;4647018;6.53;711641.34762634
591;15.321.551-3;Felipe Ramón Muñoz Vergara;1999/7/25;A;2084221;1.94;1074340.7216494845
592;8.450.734-0;Blanca Paula Robles Marín;1981/10/14;D;6650027;7.84;848217.7295918368
593;4.235.093-5;Isabel Victoria Castro Vergara;1984/7/22;E;4818713;5.03;957994.6322067594
594;10.643.273-8;Isabel Ignacia Campos Muñoz;1989/4/8;B;2203510;5.56;396314.74820143887
595;17.288.667-8;Felipe Gabriel Díaz Rojas;1974/7/6;A;5068570;2.93;1729887.3720136518
596;11.742.100-6;Victoria Isidora Saavedra Marín;1978/10/12;C;8059595;9.17;878908.9422028353
597;6.145.461-4;Felipe Pedro Vergara Ruiz;1989/9/26;C;777737;3.24;240042.28395061727
598;8.534.413-8;Constanza Ignacia Saavedra Castro;1998/2/25;C;9034952;8.68;1040893.0875576037
599;16.995.434-0;Paula Pamela Robles Díaz;1976/3/9;C;2908620;9.68;300477.27272727276
600;6.128.781-2;Javiera Paula López Campos;1985/2/17;D;6029424;4.95;1218065.4545454546
601;17.809.428-0;Andrés Pablo Valenzuela Rodríguez;1969/7/9;E;3813175;6.13;622051.3866231648
602;19.641.316-3;Constanza Isabel Rojas Rodríguez;1979/10/2;B;3566745;3.88;919264.1752577319
603;17.452.935-8;Andrés Gabriel Marín Robles;1967/5/13;C;2882669;6.21;464197.9066022544
604;12.461.798-0;Constanza Victoria López Robles;1997/11/20;A;6351919;6.91;919235.7452966715
605;15.121.888-2;Blanca Ignacia Rodríguez Díaz;1973/6/7;B;6550206;5.44;1204081.9852941176
606;9.910.594-4;Pamela Constanza Rojas Díaz;1995/3/5;C;4939865;0.47;10510351.063829787
607;7.518.838-6;Isidora Andrea Rodríguez González;1978/11/7;D;5525671;4.6;1201232.8260869565
608;10.238.712-4;Ignacio Francisco Vergara Rodríguez;1984/2/24;C;1099263;9.22;119225.9219088937
609;13.980.817-4;Javier Ramón Muñoz López;1970/10/7;D;1503059;6.11;245999.83633387886
610;21.381.451-0;Francisco Alejandro Quiroga Castro;1980/4/29;B;7102167;8.21;865062.9719853835
611;7.789.723-3;Pablo Vicente González Quiroga;1979/6/15;C;6879056;9.06;759277.7041942604
612;16.926.111-9;María Isabel Vergara Díaz;1987/8/15;B;6115941;5.11;1196857.3385518591
613;11.667.822-9;Ignacia Cecilia González Rodríguez;1973/5/24;C;2749605;8.85;310689.8305084746
614;14.929.325-9;Ramón Felipe Rodríguez Ruiz;1994/3/28;C;3287044;0.14;23478885.714285713
615;20.165.534-5;Victoria Javiera Díaz Marín;1968/12/15;C;3653316;1.8;2029620.0
616;16.420.215-4;Javiera Victoria Rojas Ruiz;1976/1/1;C;7217429;5.13;1406906.2378167643
617;17.998.947-8;Pamela Ignacia Rojas Muñoz;1986/11/5;D;371059;3.25;114172.0
618;10.122.666-9;Paula Valeria Rojas Díaz;1994/5/19;A;1615931;6.02;268427.0764119602
619;10.635.275-10;Andrés Alejandro Vergara Campos;1986/8/21;B;2435418;2.36;1031956.779661017
620;16.437.133-8;Pablo Bernardo Rodríguez Rodríguez;1984/4/24;B;9524814;6.05;1574349.4214876033
621;17.804.581-0;Constanza Pamela Ruiz Marín;1969/11/30;D;6092970;9.93;613592.1450151057
622;7.533.948-5;Pamela Blanca Rojas Rodríguez;1997/9/14;C;9841941;9.22;1067455.639913232
623;18.626.580-5;Juan Gabriel Rodríguez Díaz;1975/9/17;E;4815522;0.66;7296245.454545454
624;9.058.192-2;Isabel Victoria Rodríguez Rodríguez;1971/1/21;D;9248078;9.12;1014043.6403508773
625;16.280.023-2;Bernardo Gabriel Robles Rodríguez;1964/12/30;D;4874240;9.82;496358.45213849284
626;13.265.122-8;Pedro Gabriel Rodríguez López;1964/3/4;E;9495836;0.27;35169762.96296296
627;16.516.383-2;Vicente Alejandro Valenzuela Robles;1967/12/0;D;4461750;2.39;1866841.0041841003
628;16.564.948-8;Constanza Valeria Marín Saavedra;1997/6/1;A;4249604;8.22;516983.4549878345
629;20.612.746-3;Victoria Andrea Marín Díaz;1994/1/25;D;8258651;1.8;4588139.444444444
630;16.298.023-4;Daniela Ignacia Vergara Ruiz;1978/12/12;C;507327;8.79;57716.382252559735
631;12.112.471-2;Isabel Isidora Valenzuela Valenzuela;1987/1/26;C;9531863;4.23;2253395.5082742316
632;18.946.953-9;Francisco Alejandro Saavedra López;2000/1/15;A;4132409;9.93;416153.9778449144
633;12.113.535-2;María Paula González Rodríguez;1975/7/29;E;8974891;0.98;9158052.040816328
634;12.902.813-6;Pedro Felipe Quiroga González;1977/2/28;B;3832834;2.29;1673726.6375545852
635;13.256.501-9;Isabel Valeria López Saavedra;1977/10/19;B;6126685;9.53;642884.0503672613
636;7.949.028-0;Ignacia Daniela Ruiz Díaz;1989/6/10;C;7660015;0.13;58923192.307692304
637;19.445.248-2;Ignacia Javiera Ruiz Díaz;1969/10/16;C;610814;1.74;351042.5287356322
638;9.329.194-0;Andrés Bernardo Saavedra Rodríguez;1997/11/28;B;4869750;7.56;644146.8253968254
639;8.114.022-8;Daniela Constanza Ruiz López;1997/7/14;E;3316368;7.92;418733.3333333333
640;8.113.756-2;Isabel Blanca Rojas Rojas;1997/3/1;A;206129;4.81;42854.26195426196
641;18.922.069-2;Pablo Ignacio Marín Rodríguez;1968/6/20;B;2400443;2.77;866585.9205776174
642;11.294.038-6;Francisco Felipe Robles Marín;1992/1/18;A;4424949;6.1;725401.4754098362
643;21.039.941-3;María Valeria Robles López;1995/1/20;D;1552984;0.73;2127375.3424657537
644;16.916.145-6;Rodrigo Alejandro Castro Rodríguez;1975/5/30;C;8451891;6.65;1270961.0526315789
645;5.548.332-1;Javier Pedro Ruiz Vergara;1994/7/18;E;5881571;8.86;663834.1986455983
646;18.343.264-0;Ignacio Ignacio Castro González;1977/9/11;C;3963540;6.5;609775.3846153846
647;11.344.905-2;Andrea Ignacia Marín Marín;1987/4/7;E;9437832;1.17;8066523.076923077
648;8.610.767-10;Paula Valeria Muñoz Ruiz;1997/6/29;E;2494158;8.74;285372.76887871855
649;11.600.981-10;Valeria Victoria Saavedra Díaz;1995/4/25;B;1649402;2.29;720262.8820960699
650;14.451.305-1;Javier Pablo Muñoz Robles;1988/7/21;A;3581763;1.01;3546300.0
651;19.721.609-0;Valeria Isabel Quiroga González;1960/9/3;B;6573867;3.75;1753031.2
652;14.893.761-3;Valeria Andrea Saavedra Marín;1987/1/8;B;9201544;9.36;983070.9401709402
653;8.870.104-10;Valeria Victoria Rojas Ruiz;1967/8/9;D;1065569;4.47;238382.32662192394
654;21.498.077-7;Francisco Andrés Valenzuela González;1995/1/18;D;6502871;1.44;4515882.638888889
655;12.154.830-9;Francisco Francisco Castro Valenzuela;1995/5/12;A;5513370;6.78;813181.4159292035
656;17.093.722-2;Valeria Ignacia Rojas Díaz;1991/9/27;B;296511;8.3;35724.21686746988
657;12.795.850-9;Blanca Ignacia Saavedra Rojas;1997/2/0;B;7795951;5.68;1372526.5845070423
658;15.991.075-4;María Daniela Saavedra Marín;1992/5/21;C;874300;1.66;526686.7469879518
659;10.265.416-0;Alejandro Pablo Ruiz González;1960/6/19;E;7514303;1.88;3996969.680851064
660;9.205.455-4;Rodrigo Javier López Campos;1983/2/9;C;1153679;0.8;1442098.75
661;10.312.484-10;Victoria Constanza Rojas Díaz;1999/2/25;D;6098572;5.53;1102815.9132007232
662;16.06.738-8;Isabel Cecilia Rojas Saavedra;1962/1/29;C;9981457;6.52;1530898.3128834357
663;14.133.449-2;Isabel Daniela González Vergara;1975/3/21;D;2331048;6.78;343812.389380531
664;20.361.473-2;Blanca Cecilia Rodríguez López;1973/7/0;E;7512200;7.21;1041914.0083217754
665;18.038.640-4;Blanca Pamela López Rojas;1978/2/10;E;36214;3.13;11569.96805111821
666;7.353.434-5;Vicente Vicente Rojas Rojas;1994/12/10;D;6962600;6.09;1143284.0722495895
667;17.644.094-7;Javiera Daniela Marín Vergara;1963/8/11;A;7697924;5.11;1506443.0528375732
668;20.458.037-6;Gabriel Rodrigo Saavedra Saavedra;1992/7/6;C;6867943;7.21;952557.975034674
669;4.925.770-10;Javier Rodrigo Marín Campos;1995/1/23;E;1439389;5.25;274169.3333333333
670;9.171.265-7;Andrés Bernardo Castro Rodríguez;1977/7/17;A;9714171;8.5;1142843.6470588236
671;6.236.704-2;Pamela Cecilia Rojas Robles;1962/11/11;E;2647928;9.69;273263.98348813213
672;4.064.733-0;Bernardo Javier Díaz Vergara;1976/12/12;E;920632;4.42;208287.78280542986
673;14.642.107-1;Felipe Gabriel Díaz Marín;1973/7/4;C;6274835;6.39;981977.3082942098
674;16.321.162-5;Bernardo Bernardo Rojas Castro;1969/7/9;A;5886798;7.49;785954.339118825
675;19.880.269-1;Andrés Gabriel Muñoz Ruiz;1971/1/3;A;6019780;1.17;5145111.111111111
676;10.762.527-1;Juan Ramón Marín Quiroga;1975/9/30;D;2399709;9.08;264285.1321585903
677;4.489.642-0;Ramón Alejandro Valenzuela Rodríguez;1974/10/15;C;2649928;4.69;565016.6311300639
678;18.723.790-6;Pedro Pedro Saavedra Rodríguez;1998/10/2;E;541840;2.33;232549.35622317597
679;8.571.728-3;Bernardo Alejandro Quiroga González;1988/11/11;D;824001;9.1;90549.56043956045
680;13.090.029-3;Valeria Paula Vergara Campos;2000/7/12;B;5144541;4.65;1106352.9032258063
681;18.729.509-6;Andrea Paula Rodríguez Rojas;1965/10/0;C;678166;4.11;165003.8929440389
682;19.246.135-3;Ignacia Constanza Robles González;1998/11/0;B;3226880;1.13;2855646.0176991154
683;11.732.679-10;Francisco Juan Quiroga López;1979/10/21;E;8667496;1.9;4561840.0
684;15.102.322-10;Francisco Gabriel Saavedra Muñoz;1965/2/12;C;1207001;8.31;145246.81107099878
685;17.244.891-7;Pablo Felipe Muñoz Valenzuela;1997/10/13;B;3643899;9.58;380365.2400835073
686;19.415.205-4;Andrés Ramón Marín Valenzuela;1973/2/10;E;3353655;5.61;597799.4652406417
687;14.691.638-4;Pablo Bernardo Quiroga Saavedra;1961/10/8;E;5514391;3.5;1575540.2857142857
688;9.740.512-5;Javiera Isidora Marín Saavedra;1998/8/14;E;5688736;5.89;965829.5415959253
689;13.395.011-2;Andrea Isidora González Campos;1983/2/28;D;9636396;7.3;1320054.2465753425
690;10.947.04-6;Vicente Francisco Robles Rodríguez;1994/12/21;E;3725728;3.76;990885.1063829787
691;17.176.672-8;Pamela Isabel Ruiz González;1968/8/0;D;5824907;9.45;616392.2751322752
692;10.113.618-0;Andrés Pedro Vergara Saavedra;1967/4/19;B;6647397;0.35;18992562.85714286
693;21.546.489-9;Francisco Pedro Muñoz Valenzuela;1987/10/22;A;5868806;0.27;21736318.51851852
694;20.906.103-2;Valeria Paula Muñoz Muñoz;1994/9/12;D;9344701;4.56;2049276.5350877196
695;17.695.888-5;María María Vergara Díaz;1982/4/18;D;2665367;7.76;343475.1288659794
696;5.871.858-4;Felipe Alejandro Ruiz Robles;1986/5/24;D;3470819;0.15;23138793.333333336
697;18.645.972-5;Juan Felipe Saavedra Saavedra;1962/12/19;C;9568711;7.8;1226757.8205128205
698;5.762.176-5;Victoria Constanza López Díaz;1993/12/1;B;3848350;9.38;410271.85501066095
699;14.717.624-9;Victoria Isabel Saavedra Quiroga;1965/5/23;C;808015;6.48;124693.67283950617
700;9.948.570-0;Andrea Pamela Valenzuela González;1991/8/3;B;5935510;0.61;9730344.262295082
701;18.923.012-10;Victoria Isabel Valenzuela Valenzuela;1991/4/14;E;779840;2.21;352868.778280543
702;20.828.327-8;Javiera María Díaz Díaz;1976/6/21;C;4800733;3.77;1273403.9787798407
703;10.011.782-2;Paula Blanca Saavedra López;1972/5/10;D;1660337;4.93;336782.3529411765
704;10.01.239-2;Andrea Constanza Rojas Robles;1983/9/7;E;5337384;3.89;1372078.149100257
705;21.423.144-6;Juan Alejandro Rodríguez Muñoz;1996/10/25;D;9405109;2.71;3470519.926199262
706;5.661.623-2;Ramón Vicente Ruiz Díaz;1983/1/2;E;5876503;1.2;4897085.833333334
707;15.671.936-2;Felipe Javier Marín Vergara;1971/7/30;E;1146315;9.43;121560.44538706257
708;9.161.265-5;Ramón Vicente Ruiz Vergara;1993/1/24;B;9769192;6.23;1568088.6035313
709;11.140.911-6;Bernardo Pedro Muñoz Robles;1966/4/20;A;4632656;6.58;704051.0638297872
710;9.500.967-6;Isabel Andrea González Robles;1960/12/20;A;2404726;0.0;inf
711;8.527.363-8;Juan Alejandro Vergara López;1983/11/20;C;8910205;6.07;1467908.5667215814
712;15.340.660-4;Isabel Andrea Ruiz Castro;1971/12/7;E;8775845;1.9;4618865.7894736845
713;13.073.549-4;Javier Pablo Vergara Valenzuela;1990/8/21;C;379615;6.96;54542.38505747126
714;17.740.669-9;Pablo Ignacio Castro Rodríguez;1975/11/20;B;5794989;3.67;1579016.076294278
715;8.184.852-8;Victoria Isabel Rodríguez Castro;1974/3/19;D;6909620;2.96;2334331.081081081
716;4.842.493-9;Pedro Bernardo López Valenzuela;1968/2/7;A;9696674;1.75;5540956.571428572
717;15.155.615-1;Ignacia Valeria Valenzuela Rodríguez;1963/7/17;D;3363496;5.97;563399.6649916248
718;5.298.084-10;Isidora Blanca González López;1998/12/22;B;5890187;5.72;1029752.9720279721
719;21.046.536-9;Blanca Isabel Rodríguez Saavedra;1978/2/10;A;6732692;8.77;767695.7810718359
720;19.408.705-1;Pablo Pablo Castro Díaz;1988/5/29;A;1939793;0.58;3344470.6896551726
721;16.411.560-0;Pablo Javier Rodríguez Campos;1981/12/29;A;2565641;5.49;467329.87249544624
722;17.898.290-1;Andrea Andrea Muñoz Campos;1980/10/8;A;9925151;8.44;1175965.758293839
723;17.961.603-10;Alejandro Francisco Valenzuela Quiroga;1994/9/11;C;7338083;5.96;1231221.9798657717
724;13.640.313-1;Cecilia Paula Rojas Rodríguez;1962/8/29;E;4428748;8.41;526604.9940546968
725;9.107.900-0;Vicente Andrés González Castro;1984/7/19;D;4678976;9.33;501497.9635584137
726;4.358.767-8;Pablo Bernardo Ruiz Muñoz;1992/5/5;C;7535285;5.66;1331322.438162544
727;8.604.383-6;Pamela Andrea González Quiroga;1988/8/16;E;6246241;1.48;4220433.108108108
728;11.829.391-10;Javier Javier Marín González;1968/7/14;B;8794907;5.14;1711071.4007782103
729;15.098.263-6;Paula Isidora López Rodríguez;1981/8/23;E;5547506;8.39;661204.5292014303
730;17.518.883-6;Andrea Isabel Robles Marín;1986/10/10;A;1044958;5.37;194591.80633147113
731;5.159.344-2;Victoria Ignacia Marín Vergara;1976/5/2;C;542657;7.18;75578.96935933147
732;19.327.053-4;Alejandro Gabriel Rodríguez López;1961/10/1;A;4653797;2.39;1947195.3974895396
733;5.428.598-1;Pedro Pablo Vergara Muñoz;1988/4/21;E;5041363;9.71;519192.89392378984
734;7.544.391-2;Vicente Alejandro Rodríguez Rodríguez;1983/12/22;E;7256697;0.93;7802900.0
735;14.713.332-2;Ramón Gabriel López López;1983/7/16;C;4215933;7.17;587996.2343096235
736;11.565.525-10;Blanca Valeria Marín Rodríguez;1982/7/3;E;4964352;8.41;590291.5576694411
737;11.835.318-9;Victoria Paula Díaz Castro;1987/11/0;B;254532;2.45;103890.61224489796
738;13.520.116-9;Javier Pablo Saavedra Rodríguez;1984/1/14;D;237889;5.85;40664.78632478633
739;19.143.842-6;Juan Alejandro Valenzuela Marín;1990/7/30;D;6278214;4.61;1361868.546637744
740;16.018.310-0;Daniela Javiera Vergara Robles;1990/2/22;C;1005537;8.87;113363.81059751974
741;14.215.309-1;Gabriel Pablo Castro Quiroga;1993/8/9;E;2383558;5.24;454877.48091603053
742;21.925.740-0;Javiera Daniela Muñoz Muñoz;1986/4/18;A;3262347;1.32;2471475.0
743;17.339.838-6;Gabriel Pablo Campos Castro;1978/12/2;D;6862022;4.75;1444636.2105263157
744;19.226.967-6;Isabel Blanca Valenzuela Campos;1985/3/29;C;4102194;2.82;1454678.7234042555
745;17.757.285-6;Daniela Daniela Robles Muñoz;1970/10/17;B;5718790;3.85;1485400.0
746;8.986.965-0;Andrea Ignacia Robles Robles;1999/6/28;B;4743563;6.63;715469.532428356
747;18.776.869-10;Victoria Cecilia Rodríguez Castro;1993/1/4;C;48929;9.95;4917.48743718593
748;12.274.996-4;Felipe Ignacio Castro Rodríguez;1991/2/14;B;2712311;4.45;609508.0898876404
749;8.225.774-0;Paula Victoria Díaz López;2000/12/19;E;3103600;8.92;347937.2197309417
750;9.287.786-4;Constanza Andrea Rojas Ruiz;1998/2/27;A;3302905;0.08;41286312.5
751;19.522.634-1;Isidora Valeria Valenzuela López;1968/4/6;C;9277879;4.18;2219588.2775119618
752;17.128.263-9;Pamela Daniela Castro Campos;1999/1/22;D;4856286;7.53;644925.0996015936
753;6.082.785-9;Pamela Cecilia Rodríguez López;1981/1/18;C;1319223;7.17;183992.05020920502
754;12.832.369-3;Rodrigo Alejandro Marín Rojas;1969/5/14;B;6362630;5.48;1161063.8686131386
755;17.098.328-10;Cecilia Constanza González Díaz;1991/3/9;B;3571382;7.44;480024.4623655914
756;17.664.756-9;Paula Javiera Campos Saavedra;1963/11/18;A;6789133;2.44;2782431.5573770492
757;13.010.488-9;Isabel Javiera Quiroga Marín;1972/5/28;C;3958009;7.06;560624.5042492918
758;14.634.169-6;Javier Vicente Ruiz Marín;1992/4/12;D;6324637;5.89;1073792.3599320883
759;13.948.371-1;Pablo Ignacio Saavedra Díaz;1983/3/18;A;6907962;8.18;844494.1320293399
760;10.378.996-1;Pablo Andrés Robles González;1965/1/24;B;1754869;0.31;5660867.741935484
761;17.050.635-8;Gabriel Andrés Díaz Muñoz;1998/12/17;D;9708854;5.38;1804619.7026022305
762;14.936.860-6;Paula Isabel López Ruiz;1962/3/2;D;9251869;0.04;231296725.0
763;21.225.612-0;Valeria Daniela Rojas Robles;1974/9/28;A;7521576;7.26;1036029.7520661157
764;7.972.831-4;Victoria Victoria Rodríguez Robles;1994/5/20;A;6327554;1.13;5599605.309734514
765;8.305.550-8;Bernardo Pedro González Saavedra;1973/11/0;A;9434008;4.94;1909718.2186234817
766;21.542.010-0;Juan Gabriel Saavedra Castro;1991/3/4;C;6405707;7.65;837347.3202614379
767;15.347.506-1;Bernardo Juan Castro Quiroga;1971/7/11;C;3684264;9.42;391110.8280254777
768;15.489.591-3;Isidora Andrea Valenzuela Saavedra;1966/8/9;B;4230571;4.18;1012098.3253588517
769;4.650.229-2;Valeria Daniela Díaz Ruiz;1985/2/22;A;6578126;4.17;1577488.2494004797
770;11.588.447-9;Gabriel Alejandro Muñoz Quiroga;1984/3/20;E;2057123;3.36;612238.9880952381
771;17.821.831-1;Javiera María Quiroga Rodríguez;1985/6/25;C;2197934;3.67;598892.0980926431
772;9.815.488-10;Valeria Isabel Vergara Quiroga;1984/8/26;E;7234442;8.66;835385.9122401847
773;15.044.554-1;Rodrigo Andrés González Quiroga;1990/5/13;B;8458234;1.18;7167994.915254238
774;9.482.374-1;Valeria Blanca Robles López;1975/8/24;A;3242171;9.8;330833.7755102041
775;11.898.407-6;Isabel Ignacia Rodríguez Díaz;1993/2/26;D;6759808;6.89;981104.2089985487
776;4.788.668-6;Isabel Paula Díaz López;1998/11/20;D;5425302;4.74;1144578.4810126582
777;6.602.514-6;Juan Francisco Muñoz Quiroga;1972/8/10;E;1710140;8.69;196794.01611047183
778;16.676.423-0;Alejandro Ignacio Castro Robles;1963/9/2;B;629084;6.58;95605.47112462006
779;20.931.568-8;Ramón Gabriel Rojas Quiroga;1980/5/17;E;7429278;7.99;929822.027534418
780;15.403.416-2;Ignacia Valeria Ruiz González;1990/10/10;B;6713342;4.84;1387054.132231405
781;13.084.154-8;Andrés Ignacio Rodríguez Marín;1969/5/6;E;8105131;5.86;1383128.156996587
782;4.496.795-9;Constanza Pamela Díaz Ruiz;1986/9/18;A;5497030;2.32;2369409.4827586208
783;4.172.258-10;Paula Ignacia Ruiz Valenzuela;1999/7/21;C;1449220;4.73;306389.0063424947
784;15.662.587-10;Paula Isidora Campos López;1962/1/9;B;8259798;1.47;5618910.204081633
785;16.490.133-6;Francisco Ramón Marín López;1965/3/23;D;2715993;6.28;432482.96178343944
786;5.214.546-5;Gabriel Vicente López González;1990/4/17;B;7284451;2.03;3588399.507389163
787;4.263.943-1;Daniela María Valenzuela González;1976/4/11;D;1579768;9.09;173791.85918591858
788;17.383.168-7;Bernardo Rodrigo Vergara González;1996/9/29;E;9402274;0.67;14033244.776119402
789;14.703.524-9;Javiera Victoria González Marín;1995/6/12;D;8774890;8.26;1062335.3510895884
790;4.407.866-8;Felipe Felipe Saavedra Ruiz;1999/12/2;C;1301631;1.55;839761.9354838709
791;11.410.323-7;Ramón Rodrigo Muñoz Castro;1974/5/10;B;9434591;5.21;1810861.9961612285
792;9.671.287-10;Javier Pedro Rojas López;1968/7/11;B;689455;3.32;207667.1686746988
793;6.156.390-9;Isabel Constanza Díaz Rojas;1993/7/11;C;6701419;2.09;3206420.5741626797
794;13.690.347-10;Paula Victoria Rojas González;1970/11/15;D;200666;7.78;25792.544987146528
795;6.724.507-7;Ramón Vicente Campos Quiroga;1964/12/17;D;7722416;2.77;2787875.812274368
796;11.955.295-0;Daniela Ignacia Rojas Ruiz;1973/10/5;E;8606203;7.91;1088015.5499367889
797;16.743.295-7;Francisco Andrés Campos Díaz;1972/12/2;E;3359920;2.92;1150657.5342465753
798;9.810.316-8;Paula Cecilia Ruiz Marín;1996/1/29;C;602271;2.34;257380.76923076925
799;19.675.756-1;Gabriel Gabriel López Campos;1978/8/26;A;9272556;8.83;1050119.5922989808
800;5.600.515-4;Alejandro Alejandro Quiroga González;1966/5/14;B;1577923;9.4;167864.1489361702
801;21.039.121-8;Blanca Paula Campos Saavedra;1983/7/25;E;3108944;9.19;338296.40914037
802;17.257.450-10;Andrés Felipe Muñoz López;1963/4/27;D;4143405;9.1;455319.2307692308
803;15.931.502-4;Bernardo Bernardo Rodríguez Rojas;1975/6/0;D;8105878;9.99;811399.1991991992
804;7.836.669-4;Francisco Pedro Vergara Muñoz;1967/1/16;A;4619626;2.96;1560684.4594594594
805;13.749.100-1;Cecilia Isidora Díaz Valenzuela;1971/2/26;A;8712318;4.43;1966663.2054176074
806;7.185.787-1;Andrea Javiera González Muñoz;1989/9/20;B;3849729;1.96;1964147.448979592
807;10.616.547-6;Javiera Daniela Rodríguez Robles;1982/11/24;E;3500981;1.75;2000560.5714285714
808;10.027.953-9;Paula María Robles López;1965/7/5;A;5729127;5.19;1103878.0346820808
809;10.317.618-1;Paula Javiera Campos Valenzuela;1982/4/26;A;1616546;2.34;690831.623931624
810;9.028.482-7;Cecilia Isidora Vergara Ruiz;1968/9/18;D;3495732;6.95;502983.0215827338
811;9.421.703-2;Blanca Pamela Vergara Vergara;1967/9/17;A;6584882;0.55;11972512.727272727
812;21.964.062-5;Juan Alejandro Rojas Robles;1976/9/9;C;1120298;7.68;145872.1354166667
813;15.437.621-3;Alejandro Alejandro López Díaz;1983/6/18;E;5488320;5.9;930223.7288135593
814;8.539.801-8;Constanza Blanca Marín Rojas;1980/10/4;E;8377996;6.58;1273251.6717325228
815;10.429.397-10;Gabriel Gabriel Rodríguez Rodríguez;1967/8/19;A;8983445;6.41;1401473.4789391574
816;4.981.264-4;Vicente Bernardo Rodríguez Campos;1969/7/28;D;2615737;8.04;325340.4228855722
817;8.869.248-9;Javier Vicente Díaz Vergara;1972/8/20;E;4687069;4.95;946882.6262626263
818;21.277.446-9;Daniela Isidora Saavedra Muñoz;1977/8/7;A;8416538;1.73;4865050.867052023
819;6.058.986-0;María Blanca Muñoz Rodríguez;1965/11/12;D;2714399;5.1;532235.0980392158
820;16.905.457-6;Rodrigo Vicente Rodríguez Rodríguez;1998/6/6;A;5489818;0.31;17709090.322580647
821;8.781.910-6;Vicente Alejandro Muñoz López;1976/6/20;D;2745664;2.93;937086.6894197952
822;19.823.447-8;Javier Ignacio Rodríguez Rojas;1978/11/5;D;8817393;3.41;2585745.7478005863
823;6.03.904-6;Andrés Gabriel Saavedra Muñoz;1974/3/27;E;8639058;5.53;1562216.6365280289
824;16.160.924-5;Juan Javier Rodríguez Campos;1965/10/19;A;8058001;0.22;36627277.27272727
825;4.09.579-9;Andrea Daniela Marín Ruiz;1966/10/2;B;1500542;4.56;329066.22807017545
826;18.683.598-5;Paula Daniela Ruiz Rodríguez;1967/2/5;E;5851453;1.03;5681022.330097088
827;14.815.200-7;Francisco Pablo Rodríguez Marín;1995/5/24;B;7941210;6.18;1284985.436893204
828;14.859.334-4;María Cecilia Rojas Rojas;1984/12/16;C;4420599;0.35;12630282.857142858
829;6.522.326-5;Bernardo Rodrigo Quiroga Rodríguez;1961/10/17;C;1124655;7.52;149555.18617021278
830;21.574.890-6;Blanca Javiera Saavedra Saavedra;1962/6/6;D;136684;3.91;34957.54475703325
831;10.254.961-5;Ramón Alejandro Marín López;1997/6/1;A;5499090;8.75;628467.4285714285
832;19.239.180-3;Paula María Castro Castro;1994/1/9;B;9695999;9.74;995482.4435318275
833;21.169.572-6;Vicente Andrés Vergara Ruiz;1989/5/25;B;2869345;7.52;381561.835106383
834;20.648.867-8;Javiera Isabel Rodríguez López;1996/3/26;B;9943026;8.6;1156165.8139534884
835;10.352.901-0;Victoria Pamela López Marín;1960/9/8;C;3424727;9.68;353794.111570248
836;19.165.983-0;Cecilia Ignacia Saavedra López;1960/10/28;C;4327785;6.99;619139.4849785408
837;5.130.641-1;Isabel Cecilia González Campos;1998/2/24;E;2740348;3.94;695519.7969543147
838;18.136.614-1;Pamela Javiera Rojas Rodríguez;1978/9/17;E;123884;3.77;32860.477453580905
839;15.128.684-10;Juan Vicente Vergara Rodríguez;1981/4/13;D;3834975;9.03;424692.69102990034
840;5.196.719-4;Andrés Pablo Campos Rojas;1966/1/9;D;1096778;5.04;217614.68253968254
841;7.688.186-0;Javier Pablo Rodríguez González;1981/5/11;E;9194025;9.33;985426.0450160771
842;21.870.311-0;Felipe Pablo López González;1983/4/19;E;9272020;7.16;1294974.8603351954
843;11.761.097-9;Gabriel Vicente Campos Rojas;1999/11/1;D;2768437;0.28;9887274.999999998
844;10.904.838-6;Andrés Ramón Robles López;1995/3/7;A;690859;7.0;98694.14285714286
845;5.300.953-7;Rodrigo Andrés Marín Ruiz;2000/9/26;A;1988912;5.36;371065.671641791
846;14.284.076-9;Blanca Isabel Valenzuela Castro;1961/11/6;E;6516429;0.11;59240263.63636363
847;8.448.727-3;Constanza Pamela Quiroga Campos;1994/7/10;B;2586651;6.52;396725.61349693255
848;4.982.354-2;Valeria Victoria Rojas Rodríguez;1991/10/0;D;7928599;0.49;16180814.285714285
849;14.444.616-0;Isidora Ignacia Rodríguez Saavedra;1996/9/25;B;1473347;0.54;2728420.3703703703
850;9.302.086-9;Alejandro Ramón Campos Marín;1974/5/22;A;6627880;0.59;11233694.915254237
851;8.577.620-7;Isidora Pamela González Campos;1967/10/2;C;283313;2.15;131773.48837209304
852;20.803.070-6;Paula Victoria González Rodríguez;1960/6/27;D;4721910;0.05;94438200.0
853;17.661.143-3;Paula Isabel Castro Robles;1975/1/15;C;6641555;2.48;2678046.370967742
854;13.486.653-4;Victoria Constanza Rodríguez Valenzuela;1974/3/6;C;3604307;8.49;424535.5712603062
855;5.183.411-6;Isabel Cecilia Muñoz Vergara;1976/1/6;B;1188096;3.76;315982.9787234043
856;7.428.331-10;Juan Pedro Marín González;1966/6/7;A;4486425;5.79;774857.5129533679
857;14.084.357-3;Juan Rodrigo Valenzuela Marín;1965/3/14;C;4845358;3.31;1463854.3806646524
858;6.730.047-9;Pedro Felipe Rodríguez Muñoz;2000/10/29;E;240851;8.04;29956.592039801
859;7.121.369-8;Juan Pedro Robles Vergara;1995/11/1;A;5197215;1.45;3584286.206896552
860;6.437.014-4;Isidora Javiera Marín Castro;1967/1/10;A;8560640;3.09;2770433.656957929
861;17.182.961-4;Pablo Rodrigo Valenzuela Castro;1974/4/23;D;3426509;5.04;679862.8968253968
862;21.995.261-2;Rodrigo Pedro Quiroga Díaz;1996/1/30;B;7324532;7.24;1011675.6906077347
863;12.921.628-0;Victoria Pamela Muñoz Robles;1967/4/27;A;8643849;1.09;7930136.697247705
864;18.943.547-0;Ignacia Victoria Castro González;1983/9/0;B;2848437;9.68;294260.02066115703
865;15.315.498-0;Pamela Daniela González Rodríguez;1968/2/17;B;7138947;8.6;830110.1162790698
866;14.228.345-6;Andrés Vicente González Muñoz;1989/7/19;D;3257330;5.15;632491.2621359223
867;11.825.188-5;Andrés Vicente López Marín;1988/5/16;A;2697137;8.92;302369.6188340807
868;18.271.988-1;Bernardo Bernardo Rodríguez Castro;1978/3/27;A;6529333;3.23;2021465.3250773994
869;4.290.511-7;Javier Francisco Marín Díaz;1988/10/5;C;2524074;8.35;302284.3113772455
870;21.909.561-0;Juan Vicente Vergara Valenzuela;1988/6/1;D;1838474;5.86;313732.7645051194
871;7.049.435-8;Bernardo Rodrigo Muñoz Muñoz;1965/11/22;C;2835536;8.14;348345.9459459459
872;13.766.798-5;Juan Pedro Vergara Rodríguez;1994/3/18;D;2856810;3.88;736291.2371134021
873;5.982.758-9;Andrea Paula Rodríguez Marín;1983/11/4;E;8750707;3.38;2588966.5680473372
874;8.050.445-5;Isabel Daniela Rojas Rodríguez;1960/4/29;A;4965135;5.54;896233.7545126354
875;5.383.076-2;Andrea Paula Marín Rodríguez;1984/9/8;B;5637713;1.99;2833021.608040201
876;5.871.925-7;Gabriel Javier Muñoz Rojas;1967/1/20;C;9116331;9.57;952594.670846395
877;21.796.876-8;Blanca Pamela Quiroga Saavedra;1983/8/30;E;1631710;7.47;218435.07362784471
878;15.737.530-2;Valeria María Ruiz Rojas;1996/8/26;A;2871051;7.39;388504.8714479026
879;9.803.630-6;Blanca Constanza Valenzuela Ruiz;1988/6/17;D;7463708;0.65;11482627.692307692
880;9.964.393-10;Cecilia María Quiroga Ruiz;1972/3/6;D;4026755;2.68;1502520.5223880596
881;17.695.482-3;Juan Bernardo Quiroga Saavedra;1975/9/25;B;147450;7.01;21034.23680456491
882;19.664.833-4;Victoria Andrea Valenzuela Saavedra;1982/11/2;D;175864;5.36;32810.44776119403
883;13.911.957-2;Gabriel Ramón Vergara Rodríguez;1995/12/16;D;10553;2.9;3638.9655172413795
884;7.330.240-0;Alejandro Javier Saavedra Rodríguez;1984/8/11;C;9076450;0.35;25932714.285714287
885;18.048.762-8;Ramón Ignacio Castro Muñoz;1963/4/17;A;7777369;5.61;1386340.285204991
886;16.950.110-5;Pedro Francisco Campos González;1968/3/23;D;712284;3.16;225406.32911392403
887;15.919.918-10;Paula Daniela Rojas Saavedra;1995/5/13;E;5329668;2.64;2018813.6363636362
888;19.577.429-6;Valeria Blanca Saavedra Quiroga;1987/8/4;A;8692965;6.98;1245410.458452722
889;13.832.281-2;Bernardo Alejandro Rodríguez Rojas;1976/7/11;B;3815988;9.78;390182.8220858896
890;20.635.257-5;Valeria Isidora Campos Rodríguez;1961/1/3;E;1514749;7.24;209219.47513812155
891;21.352.909-3;Victoria Blanca Robles Robles;1962/11/5;D;5018329;8.42;596001.0688836104
892;11.087.802-8;Cecilia Cecilia Rojas Robles;1973/6/16;D;7314708;4.57;1600592.5601750547
893;19.409.991-1;Cecilia Paula Rodríguez González;1993/9/20;C;456233;1.38;330603.6231884058
894;13.960.659-9;Ignacio Bernardo Díaz Saavedra;1963/6/2;C;9406153;0.86;10937387.209302327
895;14.962.550-9;María Constanza Quiroga López;1969/4/4;C;7843260;4.57;1716249.452954048
896;21.511.348-0;Pamela Valeria Rodríguez Saavedra;1981/8/14;E;3387605;0.43;7878151.162790698
897;14.506.666-3;Juan Javier Robles Valenzuela;1994/12/17;E;586424;6.93;84621.06782106783
898;21.487.240-1;Ignacia Paula López López;1966/2/21;C;7645493;5.44;1405421.507352941
899;19.138.317-9;Javiera Valeria Quiroga Rodríguez;1960/9/3;C;2470395;5.9;418711.0169491525
900;9.542.356-10;Victoria Paula Campos Castro;1966/9/20;A;8899013;7.68;1158725.6510416667
901;21.846.124-5;Constanza Blanca Robles Castro;1961/5/15;D;6081723;1.46;4165563.698630137
902;20.268.746-7;Ignacio Pablo Rodríguez Castro;1977/10/13;E;1466835;3.25;451333.8461538461
903;20.405.269-10;Valeria Pamela Rojas Castro;1983/12/4;B;948675;8.02;118288.65336658354
904;7.921.641-0;Vicente Rodrigo Ruiz Rodríguez;1964/7/6;E;169858;3.71;45783.82749326146
905;13.054.111-10;Ignacio Ramón Rodríguez Valenzuela;1977/4/4;B;4339300;8.28;524070.0483091788
906;4.601.879-0;Paula Daniela Campos Campos;1965/4/19;D;7796775;6.67;1168931.784107946
907;12.881.367-5;Andrea Constanza Marín González;1993/9/9;A;8995506;0.24;37481275.0
908;10.384.812-10;Isabel Paula Quiroga Saavedra;1960/2/1;B;2527602;4.86;520082.7160493827
909;15.037.583-2;Pedro Alejandro Ruiz Muñoz;1971/4/16;C;5222726;2.24;2331574.107142857
910;13.276.394-8;Pedro Vicente Quiroga Díaz;1967/11/6;C;8127728;1.55;5243695.483870967
911;18.245.343-9;Rodrigo Andrés Campos Vergara;1971/11/29;A;4500835;1.5;3000556.6666666665
912;18.084.892-3;Juan Javier Díaz Ruiz;1971/3/18;A;1446535;7.83;184742.656449553
913;7.113.856-7;Blanca Isabel Vergara Díaz;1982/12/7;A;2045769;3.35;610677.3134328359
914;14.852.559-9;Felipe Javier López Rojas;1973/8/25;A;5636382;8.06;699302.9776674937
915;8.069.223-9;Gabriel Ignacio Ruiz Díaz;1992/2/18;E;2511003;7.11;353164.97890295356
916;9.469.609-4;Bernardo Javier Quiroga Díaz;1973/11/14;E;9896773;3.33;2972003.903903904
917;10.319.591-1;Constanza Isabel Marín Ruiz;1987/12/1;D;8149530;9.35;871607.4866310161
918;19.049.445-10;Andrés Javier Campos Robles;1991/6/0;E;2526640;6.08;415565.7894736842
919;5.593.284-9;Francisco Gabriel Rodríguez Rodríguez;1999/9/28;C;9952707;7.22;1378491.2742382272
920;9.955.194-1;Gabriel Felipe Robles Ruiz;1994/8/18;C;5728917;7.47;766923.2931726908
921;7.841.993-3;Andrea Valeria González Díaz;1982/12/19;E;3571181;1.82;1962187.3626373627
922;20.777.937-7;Felipe Rodrigo Muñoz Rojas;1976/4/19;A;4738413;8.53;555499.7655334115
923;18.133.241-4;Ramón Vicente Muñoz Saavedra;1994/11/5;D;1906628;3.8;501744.2105263158
924;14.212.080-7;Daniela Isidora López Robles;1989/2/13;D;6233798;2.25;2770576.888888889
925;12.561.708-5;Ignacia Cecilia Rodríguez Saavedra;1986/5/0;A;1262807;4.72;267543.8559322034
926;5.097.962-8;Pamela Isidora Saavedra Quiroga;1988/3/13;B;2420988;2.26;1071233.628318584
927;7.291.336-6;Rodrigo Ramón Castro González;2000/11/6;C;6874104;4.44;1548221.6216216215
928;4.04.618-6;Javiera Blanca Quiroga Ruiz;1989/10/11;A;3578985;1.2;2982487.5
929;14.194.825-9;María Isidora Robles López;1984/10/1;D;2379986;7.41;321185.6950067476
930;15.803.647-10;Andrea Blanca Saavedra Rojas;1960/9/9;A;4257076;0.84;5067947.619047619
931;11.987.175-4;Paula Constanza Vergara Muñoz;1997/7/20;D;8424770;3.12;2700246.794871795
932;9.257.620-9;María Isabel Robles Saavedra;1982/7/9;E;4684246;3.44;1361699.4186046512
933;14.362.524-0;Felipe Gabriel Rodríguez Robles;1975/8/27;D;3343936;4.58;730117.0305676856
934;5.02.233-9;Victoria Victoria Muñoz Rodríguez;1998/3/12;A;694300;5.21;133262.9558541267
935;7.238.399-5;Isidora Daniela Ruiz Ruiz;1988/9/29;A;2155733;1.15;1874550.4347826089
936;16.570.281-2;Constanza Cecilia Castro Ruiz;1985/1/14;E;920922;3.21;286891.5887850467
937;18.430.016-8;Valeria Paula Vergara Rodríguez;1963/3/24;D;4954809;5.26;941978.897338403
938;12.390.985-8;Valeria Constanza Rodríguez Castro;1988/7/29;A;8884008;4.67;1902357.1734475375
939;16.040.941-6;Isidora María Valenzuela Saavedra;1976/5/30;D;5027567;2.3;2185898.6956521743
940;13.332.077-4;Cecilia Isidora Rodríguez Campos;1996/11/13;C;1941320;7.26;267399.4490358127
941;19.721.592-4;Cecilia Ignacia Castro López;1998/8/17;A;3495778;3.29;1062546.5045592706
942;7.045.944-1;Juan Javier Ruiz Díaz;1979/10/12;B;6343039;4.74;1338193.88185654
943;18.826.362-1;Javiera Isidora Valenzuela Valenzuela;1998/3/27;D;5270962;3.39;1554856.0471976402
944;10.031.049-5;Vicente Juan Muñoz González;1985/2/8;E;3142533;3.11;1010460.77170418
945;21.130.613-5;Cecilia Blanca Valenzuela Castro;1970/7/18;B;7784929;4.57;1703485.5579868709
946;6.667.969-5;Gabriel Alejandro Muñoz Valenzuela;1996/10/26;E;4107098;3.57;1150447.6190476192
947;14.238.633-7;Andrea Isidora Rodríguez Castro;1988/3/26;E;248660;7.46;33332.43967828418
948;18.373.622-10;Bernardo Pedro Díaz Robles;1981/6/18;C;2946812;7.53;391342.89508632134
949;15.744.910-4;Felipe Gabriel Muñoz Castro;1967/10/4;A;2705841;3.56;760067.6966292135
950;17.595.029-7;Juan Juan Saavedra Valenzuela;2000/11/7;C;5635290;9.36;602060.8974358975
951;14.370.104-2;Constanza Andrea Vergara Saavedra;1968/5/10;A;5348309;3.82;1400080.890052356
952;9.913.598-7;Vicente Francisco Díaz Vergara;1969/5/9;E;4923466;4.96;992634.2741935484
953;16.281.843-3;Isidora Victoria Díaz Rojas;1986/12/1;E;7632842;4.82;1583577.1784232364
954;6.183.041-6;Paula Victoria Rodríguez González;1971/1/0;A;6962083;4.24;1642000.7075471696
955;10.901.778-7;Javiera Andrea Muñoz Rodríguez;1999/2/3;B;6912136;1.68;4114366.666666667
956;14.935.069-3;Vicente Felipe Saavedra Valenzuela;1982/6/17;C;9392965;8.73;1075941.0080183276
957;18.387.802-8;Javiera Valeria Ruiz Quiroga;1993/6/7;E;8057685;2.14;3765273.364485981
958;8.534.043-0;Javiera Blanca Muñoz Robles;1969/1/20;C;8325371;8.8;946064.8863636362
959;9.215.138-4;Bernardo Pedro Saavedra Campos;1975/7/6;B;4054383;9.45;429035.2380952381
960;13.977.930-7;Rodrigo Felipe González Rojas;1961/6/3;B;4982185;9.67;515220.78593588417
961;6.065.205-10;Felipe Bernardo González Rodríguez;1978/2/18;C;8728669;9.96;876372.3895582329
962;16.017.134-10;Juan Rodrigo Marín Rojas;1995/8/1;B;3619805;3.53;1025440.5099150143
963;13.647.113-4;Constanza Andrea Vergara Quiroga;1966/12/6;A;6426936;2.4;2677890.0
964;14.842.912-8;Gabriel Felipe Valenzuela Rodríguez;1987/12/24;C;847947;9.49;89351.63329820863
965;14.060.894-9;Ramón Andrés Saavedra Rojas;1996/10/29;A;2741147;7.84;349636.0969387755
966;4.636.775-0;Paula Isidora Muñoz Quiroga;1974/11/21;A;3475711;5.83;596176.8439108061
967;19.377.209-1;Ignacio Felipe Vergara Rodríguez;1973/6/14;E;2837129;1.94;1462437.6288659794
968;11.528.775-7;Ignacia Ignacia Vergara Robles;1963/5/1;C;2926326;5.66;517018.72791519435
969;12.054.184-8;Juan Pablo Robles Quiroga;1982/9/26;A;1595456;7.57;210760.36988110963
970;11.648.598-5;Constanza Victoria Rodríguez Rodríguez;1995/7/7;A;5470585;7.79;702257.3812580231
971;18.890.800-9;Blanca Isidora Marín Robles;1979/10/14;B;4947191;0.63;7852684.126984127
972;13.987.304-6;Juan Bernardo Vergara Muñoz;1963/1/24;B;9301008;8.18;1137042.542787286
973;6.158.780-2;Vicente Andrés Vergara Muñoz;1991/1/27;A;3567812;1.44;2477647.2222222225
974;10.600.077-10;Isabel Pamela Saavedra Valenzuela;1970/3/15;A;8654150;6.33;1367164.2969984203
975;15.201.08-2;Blanca Paula Rojas López;1996/7/25;B;5226378;3.82;1368161.7801047121
976;13.978.953-1;Juan Bernardo Rojas Rojas;1997/7/8;D;1184224;1.89;626573.544973545
977;5.629.577-10;Isidora Constanza Robles Marín;1970/2/0;D;7379694;3.81;1936927.5590551181
978;13.774.393-7;Pablo Juan Quiroga Rojas;1983/7/23;D;8115626;3.87;2097060.9819121447
979;20.453.595-9;María Ignacia Rojas Rodríguez;1970/10/8;C;3440575;9.35;367975.93582887703
980;7.422.483-3;Isabel Daniela Vergara Vergara;1976/5/6;D;3904023;5.88;663949.4897959183
981;20.438.064-3;Victoria Javiera Díaz López;1964/2/7;E;2146052;9.2;233266.52173913046
982;10.892.212-9;Isidora Valeria González Rodríguez;1996/7/13;C;675982;9.93;68074.72306143
983;10.667.321-1;Pedro Ramón Valenzuela Rodríguez;1966/2/11;C;3912129;2.53;1546296.04743083
984;12.395.690-6;María Isidora Robles Rodríguez;1988/3/1;B;3672301;7.71;476303.63164721144
985;13.478.062-6;María Valeria González Campos;1965/10/20;D;1498431;6.84;219068.8596491228
986;13.073.200-2;Felipe Javier Rodríguez Rojas;1961/5/22;D;6366020;3.24;1964820.987654321
987;14.129.210-7;Vicente Juan Castro Castro;1972/10/10;D;7110127;5.85;1215406.3247863248
988;16.986.836-10;Javiera María Vergara Valenzuela;1986/1/12;A;3352147;8.92;375801.23318385653
989;15.116.681-1;Vicente Pedro Rodríguez Campos;1966/4/17;E;1472637;1.39;1059451.0791366908
990;15.269.626-4;Paula Valeria Ruiz Marín;1999/4/8;D;4423588;8.33;531042.9771908764
991;16.148.625-10;Blanca Isabel Vergara González;1973/7/20;A;389740;9.98;39052.10420841683
992;7.184.479-2;Isidora Paula Vergara Robles;1984/10/8;E;3174100;1.92;1653177.0833333335
993;10.302.602-4;Javiera Cecilia Saavedra Valenzuela;1973/6/7;E;2068637;6.3;328355.07936507935
994;21.307.599-10;Andrea Constanza Castro Robles;1992/7/10;D;9277469;2.31;4016220.346320346
995;11.942.539-4;Isidora Javiera López Rodríguez;1977/1/5;E;2949763;1.17;2521164.9572649575
996;12.568.934-5;Paula Daniela Muñoz Quiroga;1978/9/6;B;5052388;6.01;840663.5607321132
997;14.407.999-3;María Valeria Marín Robles;1995/12/0;B;765834;8.69;88128.19332566169
998;20.166.403-3;Ignacio Bernardo López Valenzuela;1962/1/0;E;7822257;7.32;1068614.344262295
999;10.715.550-9;Bernardo Pablo Saavedra Castro;1998/11/10;D;8506664;9.92;857526.6129032258
1000;16.396.396-6;Javiera Ignacia Rojas Quiroga;1980/4/11;C;7853434;0.1;78534340.0
